Round,ID,Bid_P,Bid_Q,Offer_P,Offer_Q,Price,PV,Buy_Q,Sell_Q,Shares,Cash,Dividend,Earnings,Final_earnings,Section 
1,1,2,2,0,0,5,7,0,0,6,61,1,11,0,1
1,2,5,5,0,0,5,7,5,0,11,38.5,1,-11.5,0,1
1,3,1,5,0,0,5,7,0,0,6,61,1,11,0,1
1,4,2,1,0,0,5,7,0,0,6,61,1,11,0,1
1,5,0,0,0,0,5,7,0,0,6,61,1,11,0,1
1,6,2,5,0,0,5,7,0,0,6,61,1,11,0,1
1,7,1,3,1.52,2,5,7,0,2,4,70,1,20,0,1
1,8,8,1,0,0,5,7,1,0,7,56.5,1,6.5,0,1
1,9,5,10,0,0,5,7,0,0,6,61,1,11,0,1
1,10,0,0,0,0,5,7,0,0,6,61,1,11,0,1
1,11,0.4,1,1.1,1,5,7,0,1,5,65.5,1,15.5,0,1
1,12,0.6,2,0.7,3,5,7,0,3,3,74.5,1,24.5,0,1
1,13,2,10,0,0,5,7,0,0,6,61,1,11,0,1
1,14,0,0,5,3,5,7,0,3,3,74.5,1,24.5,0,1
1,15,*.**,*,*.**,*,5,7,0,0,6,61,1,11,0,1
1,16,2,2,3,1,5,7,0,1,5,65.5,1,15.5,0,1
1,17,3,9,0,0,5,7,0,0,6,61,1,11,0,1
1,18,7.5,4,8,2,5,7,4,0,10,43,1,-7,0,1
2,1,1.5,2,2.5,1,5,7,0,1,5,74.6,0.4,13.6,0,1
2,2,3,3,10,1,5,7,0,0,11,46.75,0.4,8.25,0,1
2,3,5,7,0,0,5,7,7,0,13,33.8,0.4,-27.2,0,1
2,4,4.5,2,0,0,5,7,0,0,6,69.5,0.4,8.5,0,1
2,5,1,2,5,2,5,7,0,2,4,79.7,0.4,18.7,0,1
2,6,4,4,0,0,5,7,0,0,6,69.5,0.4,8.5,0,1
2,7,4,1,6,2,5,7,0,0,4,78.6,0.4,8.6,0,1
2,8,5,1,6,2,5,7,1,0,8,59.85,0.4,3.35,0,1
2,9,6,10,0,0,5,7,10,0,16,18.5,0.4,-42.5,0,1
2,10,0,0,5,5,5,7,0,4,2,89.9,0.4,28.9,0,1
2,11,1.1,1,1.5,2,5,7,0,2,3,84.25,0.4,18.75,0,1
2,12,3.5,3,5.5,1,5,7,0,0,3,83.15,0.4,8.65,0,1
2,13,4,5,0,0,5,7,0,0,6,69.5,0.4,8.5,0,1
2,14,5,1,6,2,5,7,1,0,4,78.05,0.4,3.55,0,1
2,15,5,2,7,1,5,7,2,0,8,59.3,0.4,-1.7,0,1
2,16,2,2,3,2,5,7,0,2,3,84.25,0.4,18.75,0,1
2,17,*.**,*,*.**,*,*.**,7,*,*,*,*.**,0.4,*.**,*.**,1
2,18,0,0,3.5,10,5,7,0,10,0,102.3,0.4,59.3,0,1
3,1,1.5,3,4.5,3,5,7,0,3,2,100.55,1,25.95,0,1
3,2,4,3,6,3,5,7,0,0,11,62.42,1,15.67,0,1
3,3,1,2,3,5,5,7,0,5,8,72.68,1,38.88,0,1
3,4,5,1,6,2,5,7,0,0,6,82.45,1,12.95,0,1
3,5,2,2,4.9,3,5,7,0,3,1,105.17,1,25.47,0,1
3,6,0,0,4.5,2,5,7,0,2,4,91.45,1,21.95,0,1
3,7,3,2,3.75,3,5,7,0,3,1,103.96,1,25.36,0,1
3,8,6,2,7,1,5,7,2,0,10,64.83,1,4.98,0,1
3,9,5.1,3,0,0,5,7,3,0,19,22.85,1,4.35,0,1
3,10,3,1,5,2,5,7,0,2,0,109.89,1,19.99,0,1
3,11,5,2,5.2,1,5,7,2,0,5,86.67,1,2.42,0,1
3,12,3,4,3.5,1,5,7,0,1,2,98.96,1,15.81,0,1
3,13,5,8,0,0,5,7,8,0,14,46.45,1,-23.05,0,1
3,14,0,0,5.5,2,5,7,0,0,4,89.85,1,11.8,0,1
3,15,4,3,5,2,5,7,0,2,6,82.23,1,22.93,0,1
3,16,3,1,4,3,5,7,0,3,0,109.17,1,24.92,0,1
3,17,*.**,*,*.**,*,*.**,7,*,*,*,*.**,1,*.**,*.**,1
3,18,5,10,0,0,5,7,9,0,9,72.03,1,-30.27,0,1
4,1,2,5,0,0,6,7,0,0,2,112.6,1,12.05,0,1
4,2,4.95,3,5.05,3,6,7,0,3,8,96.46,1,34.04,0,1
4,3,6,10,0,0,6,7,5,0,13,59.94,1,-12.74,0,1
4,4,3,2,0,0,6,7,0,0,6,96.69,1,14.24,0,1
4,5,2.5,2,6,1,6,7,0,1,0,122.28,1,17.11,0,1
4,6,0,0,4.99,4,6,7,0,4,0,126.99,1,35.54,0,1
4,7,7,7,0,0,6,7,7,0,8,76.15,1,-27.81,0,1
4,8,5,2,6,1,6,7,0,1,9,86.91,1,22.08,0,1
4,9,5.1,4,0,0,6,7,0,0,19,44.13,1,21.28,0,1
4,10,5,4,0,0,6,7,0,0,0,120.87,1,10.98,0,1
4,11,5,1,5.3,1,6,7,0,1,4,105.93,1,19.26,0,1
4,12,6,2,0,0,6,7,2,0,4,99.65,1,0.69,0,1
4,13,*.**,*,*.**,*,6,7,0,0,14,65.09,1,18.64,0,1
4,14,5,1,5.75,3,6,7,0,3,1,119.63,1,29.78,0,1
4,15,*.**,*,*.**,*,6,7,0,0,6,96.45,1,14.22,0,1
4,16,10,5,0,0,6,7,5,0,5,92.08,1,-17.09,0,1
4,17,*.**,*,*.**,*,*.**,7,*,*,*,*.**,1,*.**,*.**,1
4,18,4,5,5,6,6,7,0,6,3,121.83,1,49.8,0,1
5,1,5,5,6.99,1,7.75,7,0,1,1,133.38,1,20.78,0,1
5,2,8,5,0,0,7.75,7,5,0,13,76.48,1,-19.98,0,1
5,3,3,10,0,0,7.75,7,0,0,13,78.93,1,18.99,0,1
5,4,6.5,1,7,4,7.75,7,0,4,2,142.45,1,45.76,0,1
5,5,6,5,0,0,7.75,7,0,0,0,134.5,1,12.22,0,1
5,6,7,2,0,0,7.75,7,0,0,0,139.68,1,12.69,0,1
5,7,5,3,6.5,4,7.75,7,0,4,4,121.86,1,45.71,0,1
5,8,6,1,8,2,7.75,7,0,0,9,104.6,1,17.69,0,1
5,9,6.5,6,0,0,7.75,7,0,0,19,67.54,1,23.41,0,1
5,10,6,3,0,0,7.75,7,0,0,0,132.95,1,12.08,0,1
5,11,5.75,1,6.2,2,7.75,7,0,2,2,135.57,1,29.64,0,1
5,12,5.5,3,5.75,1,7.75,7,0,1,3,121.14,1,21.49,0,1
5,13,5,6,7.5,4,7.75,7,0,4,10,115.69,1,50.6,0,1
5,14,5,3,7,1,7.75,7,0,1,0,140.11,1,20.48,0,1
5,15,10,9,15,3,7.75,7,9,0,15,44.37,1,-52.08,0,1
5,16,8,3,10,2,7.75,7,3,0,8,83.71,1,-8.37,0,1
5,17,*.**,*,*.**,*,*.**,7,*,*,*,*.**,1,*.**,*.**,1
5,18,6.5,7,0,0,7.75,7,0,0,3,137.01,1,15.18,0,1
6,1,6.5,5,0,0,8,7,0,0,1,147.71,1,14.33,0,1
6,2,5,3,10,3,8,7,0,0,13,97.12,1,20.64,0,1
6,3,0,0,5,10,8,7,0,10,3,177.82,1,98.89,0,1
6,4,7.5,2,0,0,8,7,0,0,2,158.69,1,16.24,0,1
6,5,7,6,0,0,8,7,0,0,0,147.95,1,13.45,0,1
6,6,9,4,0,0,8,7,4,0,4,122.44,1,-17.24,0,1
6,7,5,3,7.5,4,8,7,0,4,0,169.24,1,47.38,0,1
6,8,7,1,9,2,8,7,0,0,9,124.06,1,19.46,0,1
6,9,8,6,8.5,5,8,7,4,0,23,62.09,1,-5.45,0,1
6,10,*.**,*,*.**,*,8,7,0,0,0,146.24,1,13.29,0,1
6,11,7.75,2,8,1,8,7,0,1,1,158.92,1,23.35,0,1
6,12,8.5,2,9,1,8,7,2,0,5,120.65,1,-0.49,0,1
6,13,0,0,9,6,8,7,0,0,10,137.25,1,21.56,0,1
6,14,7.5,4,0,0,8,7,0,0,0,154.12,1,14.01,0,1
6,15,4,5,0,0,8,7,0,0,15,63.8,1,19.43,0,1
6,16,9,1,11,2,8,7,1,0,9,92.28,1,8.57,0,1
6,17,*.**,*,*.**,*,*.**,7,*,*,*,*.**,1,*.**,*.**,1
6,18,8.5,4,0,0,8,7,4,0,7,122.51,1,-14.5,0,1
7,1,6,2,0,0,9,7,0,0,1,162.88,0.4,15.17,0,1
7,2,7,3,10,2,9,7,0,0,13,112.03,0.4,14.91,0,1
7,3,4,4,9,3,*.**,7,*,*,*,*.**,0.4,*.**,*.**,1
7,4,8,1,8.5,2,9,7,0,2,0,194.35,0.4,35.66,0,1
7,5,9,5,0,0,9,7,5,0,5,115.24,0.4,-32.71,0,1
7,6,8.5,1,9,2,9,7,0,2,2,155.28,0.4,32.84,0,1
7,7,8,9,0,0,9,7,0,0,0,186.16,0.4,16.92,0,1
7,8,8,1,10,2,9,7,0,0,9,140.06,0.4,16,0,1
7,9,8,6,8.5,10,9,7,0,10,13,172.49,0.4,110.4,0,1
7,10,8,3,0,0,9,7,0,0,0,160.86,0.4,14.62,0,1
7,11,8.1,3,8.2,1,9,7,0,1,0,184.71,0.4,25.79,0,1
7,12,10,10,10.5,3,9,7,10,0,15,39.71,0.4,-80.94,0,1
7,13,6,5,9,5,9,7,0,0,10,154.97,0.4,17.72,0,1
7,14,8,5,0,0,9,7,0,0,0,169.53,0.4,15.41,0,1
7,15,9,5,10,3,9,7,5,0,20,28.68,0.4,-35.12,0,1
7,16,5,1,8,2,9,7,0,2,7,124.1,0.4,31.82,0,1
7,17,*.**,*,*.**,*,*.**,7,*,*,*,*.**,0.4,*.**,*.**,1
7,18,8,2,8.5,3,9,7,0,3,4,166.06,0.4,43.55,0,1
8,1,7,5,0,0,9,7,0,0,1,179.56,0.4,16.68,0,1
8,2,8,2,10,3,9,7,0,0,13,128.43,0.4,16.4,0,1
8,3,*.**,*,*.**,*,*.**,7,*,*,*,*.**,0.4,*.**,*.**,1
8,4,4.5,1,0,0,9,7,0,0,0,213.78,0.4,19.43,0,1
8,5,9,3,11,2,9,7,3,0,8,100.26,0.4,-14.98,0,1
8,6,9.5,1,9.75,2,9,7,1,0,3,162.1,0.4,6.82,0,1
8,7,10.5,7,0,0,9,7,7,0,7,138.27,0.4,-47.89,0,1
8,8,9,2,11,2,9,7,2,0,11,138.66,0.4,-1.4,0,1
8,9,0,0,9,13,9,7,0,7,6,261.43,0.4,88.94,0,1
8,10,0,0,0,0,9,7,0,0,0,176.94,0.4,16.08,0,1
8,11,9.5,3,0,0,9,7,3,0,3,174.68,0.4,-10.03,0,1
8,12,3,1,4,5,9,7,0,5,10,97.18,0.4,57.47,0,1
8,13,6.5,5,9,5,9,7,0,5,5,221.96,0.4,66.99,0,1
8,14,10,3,0,0,9,7,3,0,3,157.98,0.4,-11.55,0,1
8,15,9,1,0,0,9,7,1,0,21,30.04,0.4,1.36,0,1
8,16,4,1,8,3,9,7,0,3,4,167.81,0.4,43.71,0,1
8,17,*.**,*,*.**,*,*.**,7,*,*,*,*.**,0.4,*.**,*.**,1
8,18,*.**,*,*.**,*,9,7,0,0,4,184.26,0.4,18.2,0,1
9,1,7.5,2,0,0,9.02,7,0,0,1,198.51,1,18.95,0,1
9,2,9,2,10,3,9.02,7,0,0,13,154.27,1,25.84,0,1
9,3,*.**,*,*.**,*,*.**,7,*,*,*,*.**,1,*.**,*.**,1
9,4,5,1,0,0,9.02,7,0,0,0,235.15,1,21.37,0,1
9,5,9,2,11.5,3,9.02,7,0,0,8,118.28,1,18.02,0,1
9,6,9.5,1,9.75,2,9.02,7,1,0,4,172.38,1,10.28,0,1
9,7,8,1,8.5,3,9.02,7,0,3,4,185.86,1,47.59,0,1
9,8,9,1,11,2,9.02,7,0,0,11,163.52,1,24.86,0,1
9,9,8,20,8.5,6,9.02,7,0,6,0,347.1,1,85.67,0,1
9,10,0,0,0,0,9.02,7,0,0,0,194.63,1,17.69,0,1
9,11,9.75,3,10,2,9.02,7,3,0,6,168.38,1,-6.3,0,1
9,12,9,3,10.5,2,9.02,7,0,0,10,116.89,1,19.71,0,1
9,13,8,5,0,0,9.02,7,0,0,5,249.15,1,27.19,0,1
9,14,9.05,1,0,0,9.02,7,1,0,4,167.85,1,9.87,0,1
9,15,10.5,2,11,2,9.02,7,2,0,23,36.2,1,6.16,0,1
9,16,9,1,11,3,9.02,7,0,0,4,188.59,1,20.78,0,1
9,17,*.**,*,*.**,*,*.**,7,*,*,*,*.**,1,*.**,*.**,1
9,18,9.5,2,11,1,9.02,7,2,0,6,188.84,1,4.58,0,1
10,1,8.5,3,0,0,9.1,7,0,0,1,219.36,1,20.85,0,1
10,2,9,3,10,3,9.1,7,0,0,13,182.69,1,28.42,0,1
10,3,*.**,*,*.**,*,*.**,7,*,*,*,*.**,1,*.**,*.**,1
10,4,7,3,0,0,9.1,7,0,0,0,258.66,1,23.51,0,1
10,5,9.25,1,11,4,9.1,7,1,0,9,129.09,1,10.81,0,1
10,6,0,0,9.25,2,9.1,7,0,0,4,193.61,1,21.23,0,1
10,7,8.5,4,9,3,9.1,7,0,3,1,235.47,1,49.61,0,1
10,8,8,1,10,2,9.1,7,0,0,11,190.87,1,27.35,0,1
10,9,9,20,0,0,9.1,7,0,0,0,381.81,1,34.71,0,1
10,10,0,0,0,0,9.1,7,0,0,0,214.09,1,19.46,0,1
10,11,9.1,2,9.75,1,9.1,7,1,0,7,182.2,1,13.82,0,1
10,12,*.**,*,*.**,*,9.1,7,0,0,10,138.57,1,21.68,0,1
10,13,9,5,11,3,9.1,7,0,0,5,279.06,1,29.91,0,1
10,14,9.1,1,0,0,9.1,7,1,0,5,179.62,1,11.77,0,1
10,15,10.5,2,11,2,9.1,7,2,0,25,44.8,1,8.6,0,1
10,16,8,10,0,0,9.1,7,0,0,4,211.44,1,22.85,0,1
10,17,*.**,*,*.**,*,*.**,7,*,*,*,*.**,1,*.**,*.**,1
10,18,8,2,8.5,2,9.1,7,0,2,4,231.74,1,42.9,0,1
11,1,8.5,2,0,0,10.5,7,0,0,1,242.29,1,22.93,0,1
11,2,9.25,2,10,5,10.5,7,0,5,8,266.7,1,84.01,0,1
11,3,*.**,*,*.**,*,*.**,7,*,*,*,*.**,1,*.**,*.**,1
11,4,10,2,0,0,10.5,7,0,0,0,284.52,1,25.86,0,1
11,5,9.25,1,10.5,5,10.5,7,0,2,7,172.09,1,43,0,1
11,6,0,0,9.09,2,10.5,7,0,2,2,238.07,1,44.46,0,1
11,7,10.5,7,0,0,10.5,7,7,0,8,186.16,1,-49.31,0,1
11,8,8,1,10,2,10.5,7,0,2,9,242.05,1,51.18,0,1
11,9,9.2,20,0,0,10.5,7,0,0,0,419.99,1,38.18,0,1
11,10,0,0,0,0,10.5,7,0,0,0,235.49,1,21.4,0,1
11,11,9.2,2,9.8,1,10.5,7,0,1,6,217.97,1,35.77,0,1
11,12,11,4,14,3,10.5,7,4,0,14,120.22,1,-18.35,0,1
11,13,9.1,5,11,3,10.5,7,0,0,5,311.96,1,32.9,0,1
11,14,9.25,4,0,0,10.5,7,0,0,5,202.58,1,22.96,0,1
11,15,9.5,3,10,3,10.5,7,0,3,22,105.93,1,61.13,0,1
11,16,20,4,0,0,10.5,7,4,0,8,194.38,1,-17.06,0,1
11,17,*.**,*,*.**,*,*.**,7,*,*,*,*.**,1,*.**,*.**,1
11,18,*.**,*,*.**,*,10.5,7,0,0,4,258.91,1,27.17,0,1
12,1,9,2,0,0,10.87,7,0,0,1,266.91,0.4,24.62,0,1
12,2,*.**,*,*.**,*,10.87,7,0,0,8,296.57,0.4,29.87,0,1
12,3,*.**,*,*.**,*,*.**,7,*,*,*,*.**,0.4,*.**,*.**,1
12,4,6,4,0,0,10.87,7,0,0,0,312.97,0.4,28.45,0,1
12,5,10,1,11.5,4,10.87,7,0,0,7,192.09,0.4,20,0,1
12,6,10.75,2,11,2,10.87,7,0,0,2,262.67,0.4,24.6,0,1
12,7,9,4,9.5,6,10.87,7,0,6,2,277.31,0.4,91.15,0,1
12,8,9,1,11,1,10.87,7,0,0,9,269.85,0.4,27.8,0,1
12,9,10,20,0,0,10.87,7,0,0,0,461.98,0.4,41.99,0,1
12,10,0,0,0,0,10.87,7,0,0,0,259.03,0.4,23.54,0,1
12,11,10.75,2,11,1,10.87,7,0,0,6,242.16,0.4,24.19,0,1
12,12,10,4,10.5,4,10.87,7,0,4,10,184.07,0.4,63.85,0,1
12,13,10,5,0,0,10.87,7,0,0,5,345.15,0.4,33.19,0,1
12,14,11.25,3,0,0,10.87,7,3,0,8,190.16,0.4,-12.42,0,1
12,15,12,3,13,3,10.87,7,3,0,25,90.65,0.4,-15.28,0,1
12,16,20,5,21,1,10.87,7,5,0,13,159.23,0.4,-35.15,0,1
12,17,*.**,*,*.**,*,*.**,7,*,*,*,*.**,0.4,*.**,*.**,1
12,18,9.75,4,10.25,1,10.87,7,0,1,3,297.95,0.4,39.04,0,1
13,1,9.5,5,0,0,11,7,0,0,1,294,0.4,27.09,0,1
13,2,10,10,11,5,11,7,0,5,3,387.92,0.4,91.35,0,1
13,3,*.**,*,*.**,*,*.**,7,*,*,*,*.**,0.4,*.**,*.**,1
13,4,9.5,2,0,0,11,7,0,0,0,344.26,0.4,31.29,0,1
13,5,10,1,11.5,4,11,7,0,0,7,214.09,0.4,22,0,1
13,6,11,2,11.01,2,11,7,2,0,4,266.33,0.4,3.66,0,1
13,7,10.5,4,11,2,11,7,0,2,0,329.24,0.4,51.93,0,1
13,8,9,1,11,2,11,7,0,2,7,323.83,0.4,53.98,0,1
13,9,11,20,0,0,11,7,2,0,2,484.77,0.4,22.79,0,1
13,10,0,0,0,0,11,7,0,0,0,284.93,0.4,25.9,0,1
13,11,10.9,2,11,1,11,7,0,1,5,280.47,0.4,38.31,0,1
13,12,14,5,15,5,11,7,5,0,15,147.97,0.4,-36.1,0,1
13,13,10,4,0,0,11,7,0,0,5,381.66,0.4,36.51,0,1
13,14,11,1,0,0,11,7,0,0,8,212.37,0.4,22.21,0,1
13,15,15,5,17,5,11,7,5,0,30,51.21,0.4,-39.44,0,1
13,16,0,0,9,7,11,7,0,7,6,262.25,0.4,103.02,0,1
13,17,*.**,*,*.**,*,*.**,7,*,*,*,*.**,0.4,*.**,*.**,1
13,18,13,3,16,3,11,7,3,0,6,293.84,0.4,-4.11,0,1
14,1,9,2,0,0,12,7,0,0,1,323.8,0.4,29.8,0,1
14,2,12,13,13,3,12,7,0,0,3,427.91,0.4,39.99,0,1
14,3,*.**,*,*.**,*,*.**,7,*,*,*,*.**,0.4,*.**,*.**,1
14,4,12,1,0,0,12,7,1,0,1,365.88,0.4,21.62,0,1
14,5,11.02,1,11.5,5,12,7,0,5,2,302.29,0.4,88.2,0,1
14,6,11.2,2,11.25,2,12,7,0,2,2,320.16,0.4,53.83,0,1
14,7,12,7,0,0,12,7,5,0,5,298.16,0.4,-31.08,0,1
14,8,10,1,11,1,12,7,0,1,6,371.81,0.4,47.98,0,1
14,9,0,0,12,2,12,7,0,2,0,559.64,0.4,74.87,0,1
14,10,*.**,*,*.**,*,12,7,0,0,0,313.42,0.4,28.49,0,1
14,11,11.1,2,11.25,1,12,7,0,1,4,323.31,0.4,42.84,0,1
14,12,10,1,10.5,1,12,7,0,1,14,181.56,0.4,33.59,0,1
14,13,11.5,3,13,2,12,7,0,0,5,421.82,0.4,40.16,0,1
14,14,11.05,1,0,0,12,7,0,0,8,236.8,0.4,24.43,0,1
14,15,11.5,2,12,2,12,7,0,2,28,93.93,0.4,42.72,0,1
14,16,20,5,21,2,12,7,5,0,11,226.87,0.4,-35.38,0,1
14,17,*.**,*,*.**,*,*.**,7,*,*,*,*.**,0.4,*.**,*.**,1
14,18,12,3,13,3,12,7,3,0,9,287.22,0.4,-6.62,0,1
15,1,12,3,0,0,14,7,0,0,1,357.18,1,33.38,0,1
15,2,14,10,15,3,14,7,10,0,13,329.7,1,-98.21,0,1
15,3,*.**,*,*.**,*,*.**,7,*,*,*,*.**,1,*.**,*.**,1
15,4,13,2,15,1,14,7,0,0,1,403.46,1,37.58,0,1
15,5,12.1,4,12.5,1,14,7,0,1,1,348.91,1,46.62,0,1
15,6,12.2,2,12.25,2,14,7,0,2,0,382.97,1,62.81,0,1
15,7,12,4,13,4,14,7,0,4,1,390.57,1,92.41,0,1
15,8,12.5,1,14,2,14,7,0,1,5,429.39,1,57.58,0,1
15,9,12.5,5,0,0,14,7,0,0,0,615.6,1,55.96,0,1
15,10,0,0,0,0,14,7,0,0,0,344.76,1,31.34,0,1
15,11,12.1,2,12.3,1,14,7,0,1,3,374.04,1,50.73,0,1
15,12,10,5,12.5,3,14,7,0,3,11,256.91,1,75.35,0,1
15,13,12.5,3,13.5,3,14,7,0,3,2,512.2,1,90.38,0,1
15,14,12.25,2,0,0,14,7,0,0,8,268.48,1,31.68,0,1
15,15,15,5,15.5,5,14,7,5,0,33,59.32,1,-34.61,0,1
15,16,20,5,21,11,14,7,5,0,16,188.55,1,-38.32,0,1
15,17,*.**,*,*.**,*,*.**,7,*,*,*,*.**,1,*.**,*.**,1
15,18,9,10,11,5,14,7,0,5,4,396.94,1,109.72,0,1
16,1,11,3,0,0,15,7,0,0,1,393.29,0.4,36.11,0,1
16,2,15,2,0,0,15,7,2,0,15,335.67,0.4,5.97,0,1
16,3,*.**,*,*.**,*,*.**,7,*,*,*,*.**,0.4,*.**,*.**,1
16,4,15,3,17,1,15,7,2,0,3,412,0.4,8.54,0,1
16,5,15,4,0,0,15,7,4,0,5,319.8,0.4,-29.11,0,1
16,6,16,4,0,0,15,7,4,0,4,356.86,0.4,-26.11,0,1
16,7,14,9,14.5,1,15,7,0,1,0,446.12,0.4,55.55,0,1
16,8,15,1,17,2,15,7,0,0,5,474.32,0.4,44.93,0,1
16,9,15,5,0,0,15,7,5,0,5,596.66,0.4,-18.94,0,1
16,10,0,0,0,0,15,7,0,0,0,379.23,0.4,34.47,0,1
16,11,15,3,15.25,1,15,7,3,0,6,364.34,0.4,-9.7,0,1
16,12,11,10,15,5,15,7,0,5,6,367.5,0.4,110.59,0,1
16,13,14,2,15,2,15,7,0,2,0,596.42,0.4,84.22,0,1
16,14,15,2,0,0,15,7,0,0,8,298.52,0.4,30.04,0,1
16,15,14.25,2,15,2,15,7,0,2,31,110.65,0.4,51.33,0,1
16,16,10,3,15,10,15,7,0,10,6,374.8,0.4,186.25,0,1
16,17,*.**,*,*.**,*,*.**,7,*,*,*,*.**,0.4,*.**,*.**,1
16,18,13,3,16,3,15,7,0,0,4,438.23,0.4,41.29,0,1
17,1,15,10,0,0,17,7,0,0,1,433.61,1,40.32,0,1
17,2,0,0,0,0,17,7,0,0,15,384.23,1,48.56,0,1
17,3,*.**,*,*.**,*,*.**,7,*,*,*,*.**,1,*.**,*.**,1
17,4,15.5,1,16,1,17,7,0,1,2,473.9,1,61.9,0,1
17,5,15.5,2,16.5,1,17,7,0,1,4,374.48,1,54.68,0,1
17,6,16,2,16.01,4,17,7,0,4,0,467.34,1,110.48,0,1
17,7,16,5,0,0,17,7,0,0,0,490.73,1,44.61,0,1
17,8,16,1,18,2,17,7,0,0,5,526.75,1,52.43,0,1
17,9,0,0,0,0,17,7,0,0,5,661.32,1,64.66,0,1
17,10,0,0,0,0,17,7,0,0,0,417.15,1,37.92,0,1
17,11,15.1,1,16.25,3,17,7,0,3,3,459.87,1,95.53,0,1
17,12,17,10,17.1,3,17,7,3,0,9,357.15,1,-10.35,0,1
17,13,*.**,*,*.**,*,17,7,0,0,0,656.06,1,59.64,0,1
17,14,16,2,0,0,17,7,0,0,8,336.37,1,37.85,0,1
17,15,15.25,2,16,2,17,7,0,2,29,188.11,1,77.46,0,1
17,16,20,10,21,6,17,7,10,0,16,241.28,1,-133.52,0,1
17,17,*.**,*,*.**,*,*.**,7,*,*,*,*.**,1,*.**,*.**,1
17,18,13,3,15,2,17,7,0,2,2,521.45,1,83.22,0,1
18,1,17,5,0,0,17.5,7,0,0,1,477.37,0.4,43.76,0,1
18,2,0,0,20,10,17.5,7,0,0,15,428.65,0.4,44.42,0,1
18,3,*.**,*,*.**,*,*.**,7,*,*,*,*.**,0.4,*.**,*.**,1
18,4,17.5,2,0,0,17.5,7,2,0,4,484.39,0.4,10.49,0,1
18,5,17.1,1,18,3,17.5,7,0,0,4,413.52,0.4,39.04,0,1
18,6,18,4,0,0,17.5,7,4,0,4,438.67,0.4,-28.67,0,1
18,7,20.5,4,0,0,17.5,7,4,0,4,464.4,0.4,-26.33,0,1
18,8,18,1,20,2,17.5,7,1,0,6,562.57,0.4,35.82,0,1
18,9,0,0,0,0,17.5,7,0,0,5,729.45,0.4,68.13,0,1
18,10,0,0,0,0,17.5,7,0,0,0,458.86,0.4,41.71,0,1
18,11,17.5,3,18.33,2,17.5,7,2,0,5,469.35,0.4,9.48,0,1
18,12,17,7,17.1,1,17.5,7,0,1,8,415.31,0.4,58.16,0,1
18,13,0,0,0,0,17.5,7,0,0,0,721.66,0.4,65.6,0,1
18,14,0,0,16,1,17.5,7,0,1,7,392.05,0.4,55.68,0,1
18,15,17.5,5,18,5,17.5,7,5,0,34,124.27,0.4,-63.84,0,1
18,16,0,0,17,16,17.5,7,0,16,0,573.4,0.4,332.12,0,1
18,17,*.**,*,*.**,*,*.**,7,*,*,*,*.**,0.4,*.**,*.**,1
18,18,16,3,20,2,17.5,7,0,0,2,574.39,0.4,52.94,0,1
19,1,0,0,19,1,17.62,7,0,0,1,526.1,1,48.73,0,1
19,2,0,0,17.5,10,17.62,7,0,10,5,670.33,1,241.68,0,1
19,3,*.**,*,*.**,*,*.**,7,*,*,*,*.**,1,*.**,*.**,1
19,4,10,1,18,2,17.62,7,0,0,4,536.82,1,52.43,0,1
19,5,18.1,1,19,3,17.62,7,1,0,5,440.49,1,26.97,0,1
19,6,0,0,18,4,17.62,7,0,0,4,486.53,1,47.86,0,1
19,7,17.8,4,18,3,17.62,7,4,0,8,441.31,1,-23.09,0,1
19,8,17,1,19,2,17.62,7,0,0,6,624.82,1,62.25,0,1
19,9,0,0,15,5,17.62,7,0,5,0,899.3,1,169.85,0,1
19,10,0,0,0,0,17.62,7,0,0,0,504.74,1,45.88,0,1
19,11,17.75,2,17.8,3,17.62,7,2,0,7,484.52,1,15.17,0,1
19,12,19,6,19.5,3,17.62,7,6,0,14,354.54,1,-60.77,0,1
19,13,0,0,0,0,17.62,7,0,0,0,793.82,1,72.16,0,1
19,14,0,0,18,1,17.62,7,0,0,7,438.25,1,46.2,0,1
19,15,18,2,18.5,10,17.62,7,2,0,36,133.93,1,9.66,0,1
19,16,5,10,0,0,17.62,7,0,0,0,630.74,1,57.34,0,1
19,17,*.**,*,*.**,*,*.**,7,*,*,*,*.**,1,*.**,*.**,1
19,18,0,0,19,2,17.62,7,0,0,2,633.82,1,59.43,0,1
20,1,0,0,18,1,17,7,0,0,1,579.11,0.4,60.01,586.11,1
20,2,0,0,17,5,17,7,0,5,0,830.86,0.4,160.53,830.86,1
20,3,*.**,*,*.**,*,*.**,7,*,*,*,*.**,0.4,*.**,*.**,1
20,4,0,0,20,2,17,7,0,0,4,592.1,0.4,83.28,620.1,1
20,5,0,0,18,3,17,7,0,0,5,486.53,0.4,81.04,521.53,1
20,6,0,0,17.6,4,17,7,0,0,4,536.78,0.4,78.25,564.78,1
20,7,0,0,17.5,7,17,7,0,0,8,488.64,0.4,103.33,544.64,1
20,8,0,0,19,3,17,7,0,0,6,689.7,0.4,106.88,731.7,1
20,9,7.1,20,0,0,17,7,0,0,0,989.23,0.4,89.93,989.23,1
20,10,0,0,0,0,17,7,0,0,0,555.21,0.4,50.47,555.21,1
20,11,17.7,2,17.83,1,17,7,2,0,9,499.17,0.4,77.65,562.17,1
20,12,17,7,17.5,3,17,7,3,0,17,340.69,0.4,105.15,459.69,1
20,13,0,0,0,0,17,7,0,0,0,873.2,0.4,79.38,873.2,1
20,14,0,0,17.75,7,17,7,0,0,7,484.87,0.4,95.62,533.87,1
20,15,18,2,20,5,17,7,2,0,38,125.12,0.4,257.19,391.12,1
20,16,5,2,0,0,17,7,0,0,0,693.81,0.4,63.07,693.81,1
20,17,*.**,*,*.**,*,*.**,7,*,*,*,*.**,0.4,*.**,*.**,1
20,18,0,0,14,2,17,7,0,2,0,734.6,0.4,100.78,734.6,1
1,1,5,2,0,0,6,7,0,0,6,61,1,11,0,2
1,2,5,3,0,0,6,7,0,0,6,61,1,11,0,2
1,3,3,3,10,2,6,7,0,0,6,61,1,11,0,2
1,4,8,2,10,2,6,7,2,0,8,49.8,1,-0.2,0,2
1,5,0.4,10,1,3,6,7,0,3,3,77.8,1,27.8,0,2
1,6,5,5,0,0,6,7,0,0,6,61,1,11,0,2
1,7,0.5,5,1,1,6,7,0,1,5,66.6,1,16.6,0,2
1,8,4,7,6,3,6,7,0,0,6,61,1,11,0,2
1,9,5,6,7,4,6,7,0,0,6,61,1,11,0,2
1,10,*.**,*,*.**,*,6,7,0,0,6,61,1,11,0,2
1,11,2,1,10,2,6,7,0,0,6,61,1,11,0,2
1,12,0.4,3,0,0,6,7,0,0,6,61,1,11,0,2
1,13,*.**,*,*.**,*,6,7,0,0,6,61,1,11,0,2
1,14,5,6,6,3,6,7,0,3,3,77.8,1,27.8,0,2
1,15,0.75,10,2,2,6,7,0,2,4,72.2,1,22.2,0,2
1,16,0,0,9,3,6,7,0,0,6,61,1,11,0,2
1,17,7.25,3,0,0,6,7,3,0,9,44.2,1,-5.8,0,2
1,18,0.4,3,0,0,6,7,0,0,6,61,1,11,0,2
1,19,*.**,*,*.**,*,6,7,0,0,6,61,1,11,0,2
1,20,8,4,0,0,6,7,4,0,10,38.6,1,-11.4,0,2
2,1,6,3,0,0,7,7,0,0,6,69.5,0.4,8.5,0,2
2,2,10,2,0,0,7,7,2,0,8,54.9,0.4,-6.1,0,2
2,3,5,3,8,3,7,7,0,0,6,69.5,0.4,8.5,0,2
2,4,7,3,9,3,7,7,3,0,11,36.08,0.4,-13.72,0,2
2,5,0.4,10,0,0,7,7,0,0,3,86.78,0.4,8.98,0,2
2,6,6,5,0,0,7,7,0,0,6,69.5,0.4,8.5,0,2
2,7,4,4,0,0,7,7,0,0,5,75.26,0.4,8.66,0,2
2,8,7,5,8,1,7,7,5,0,11,33,0.4,-28,0,2
2,9,*.**,*,*.**,*,7,7,0,0,6,69.5,0.4,8.5,0,2
2,10,*.**,*,*.**,*,7,7,0,0,6,69.5,0.4,8.5,0,2
2,11,5,2,8.5,2,7,7,0,0,6,69.5,0.4,8.5,0,2
2,12,3,2,5,2,7,7,0,2,4,84.1,0.4,23.1,0,2
2,13,*.**,*,*.**,*,7,7,0,0,6,69.5,0.4,8.5,0,2
2,14,6,5,7,2,7,7,0,2,1,101.38,0.4,23.58,0,2
2,15,0.75,15,1.5,2,7,7,0,2,2,95.62,0.4,23.42,0,2
2,16,*.**,*,*.**,*,7,7,0,0,6,69.5,0.4,8.5,0,2
2,17,5.5,1,9,1,7,7,0,0,9,52.22,0.4,8.02,0,2
2,18,5,5,8.75,1,7,7,0,0,6,69.5,0.4,8.5,0,2
2,19,1,8,0,0,7,7,0,0,6,69.5,0.4,8.5,0,2
2,20,4,4,6,4,7,7,0,4,6,75.66,0.4,37.06,0,2
3,1,9,4,0,0,7,7,4,0,10,49.65,0.4,-19.85,0,2
3,2,0,0,6,4,7,7,0,4,4,92.79,0.4,37.89,0,2
3,3,3,3,5,3,7,7,0,3,3,100.75,0.4,31.25,0,2
3,4,0,0,8,1,7,7,0,0,11,44.08,0.4,8,0,2
3,5,0.9,5,1,2,7,7,0,2,1,111.25,0.4,24.47,0,2
3,6,10,5,0,0,7,7,5,0,11,42.35,0.4,-27.15,0,2
3,7,6,4,0,0,7,7,0,0,5,84.78,0.4,9.52,0,2
3,8,0,0,8.5,6,7,7,0,0,11,40.7,0.4,7.7,0,2
3,9,6,5,7,3,7,7,0,3,3,100.75,0.4,31.25,0,2
3,10,*.**,*,*.**,*,7,7,0,0,6,78.85,0.4,9.35,0,2
3,11,6,3,7.5,3,7,7,0,0,6,78.85,0.4,9.35,0,2
3,12,5,2,10,1,7,7,0,0,4,94.11,0.4,10.01,0,2
3,13,*.**,*,*.**,*,7,7,0,0,6,78.85,0.4,9.35,0,2
3,14,5,2,0,0,7,7,0,0,1,111.91,0.4,10.53,0,2
3,15,0.75,18,5,2,7,7,0,2,0,120.58,0.4,24.96,0,2
3,16,8,5,0,0,7,7,5,0,11,42.35,0.4,-27.15,0,2
3,17,7,3,0,0,7,7,1,0,10,53.74,0.4,1.52,0,2
3,18,6.75,3,7,1,7,7,0,1,5,86.15,0.4,16.65,0,2
3,19,0,0,10,2,7,7,0,0,6,78.85,0.4,9.35,0,2
3,20,5,5,10,6,7,7,0,0,6,85.62,0.4,9.96,0,2
4,1,6,2,8,2,8,7,0,2,8,75.41,0.4,25.76,0,2
4,2,4,3,8,3,8,7,0,1,3,112.06,0.4,19.27,0,2
4,3,5,5,10,2,8,7,0,0,3,112.02,0.4,11.27,0,2
4,4,7,1,0,0,8,7,0,0,11,52.88,0.4,8.8,0,2
4,5,0.95,2,0,0,8,7,0,0,1,122.77,0.4,11.52,0,2
4,6,12,3,0,0,8,7,3,0,14,25.78,0.4,-16.57,0,2
4,7,6,5,0,0,8,7,0,0,5,95.25,0.4,10.47,0,2
4,8,0,0,8,7,8,7,0,0,11,49.17,0.4,8.47,0,2
4,9,8,3,0,0,8,7,3,0,6,86.82,0.4,-13.93,0,2
4,10,*.**,*,*.**,*,8,7,0,0,6,89.13,0.4,10.28,0,2
4,11,6.5,3,8,3,8,7,0,3,3,114.33,0.4,35.48,0,2
4,12,6,2,0,0,8,7,0,0,4,105.12,0.4,11.01,0,2
4,13,*.**,*,*.**,*,8,7,0,0,6,89.13,0.4,10.28,0,2
4,14,5,2,9,1,8,7,0,0,1,123.5,0.4,11.59,0,2
4,15,5,5,0,0,8,7,0,0,0,132.63,0.4,12.05,0,2
4,16,7,6,0,0,8,7,0,0,11,50.98,0.4,8.63,0,2
4,17,7.25,6,0,0,8,7,0,0,10,63.11,0.4,9.37,0,2
4,18,7,4,0,0,8,7,0,0,5,96.76,0.4,10.61,0,2
4,19,4,3,0,0,8,7,0,0,6,89.13,0.4,10.28,0,2
4,20,5,10,8,5,8,7,0,0,6,96.58,0.4,10.96,0,2
5,1,7,2,8,1,9,7,0,1,7,95.65,0.4,20.24,0,2
5,2,5,3,9,2,9,7,0,2,1,143.46,0.4,31.4,0,2
5,3,9,5,10,3,9,7,1,0,4,114.92,0.4,2.9,0,2
5,4,7,1,8,1,9,7,0,1,10,72.06,0.4,19.18,0,2
5,5,0.4,10,0,0,9,7,0,0,1,135.44,0.4,12.67,0,2
5,6,12,2,0,0,9,7,2,0,16,14.95,0.4,-10.83,0,2
5,7,7,5,0,0,9,7,0,0,5,106.77,0.4,11.52,0,2
5,8,8.5,5,0,0,9,7,0,0,11,58.48,0.4,9.31,0,2
5,9,8,4,10,3,9,7,0,0,6,97.9,0.4,11.08,0,2
5,10,*.**,*,*.**,*,9,7,0,0,6,100.44,0.4,11.31,0,2
5,11,7,5,8.5,3,9,7,0,3,0,155.46,0.4,41.13,0,2
5,12,7,1,10,2,9,7,0,0,4,117.23,0.4,12.11,0,2
5,13,*.**,*,*.**,*,9,7,0,0,6,100.44,0.4,11.31,0,2
5,14,7,1,8,1,9,7,0,1,0,145.75,0.4,22.25,0,2
5,15,10,4,0,0,9,7,4,0,4,107.89,0.4,-24.74,0,2
5,16,8,5,0,0,9,7,0,0,11,60.47,0.4,9.49,0,2
5,17,10,5,0,0,9,7,5,0,15,25.92,0.4,-37.19,0,2
5,18,7,4,0,0,9,7,0,0,5,108.43,0.4,11.67,0,2
5,19,5,4,11,3,9,7,0,0,6,100.44,0.4,11.31,0,2
5,20,5,10,6,4,9,7,0,4,2,146.63,0.4,50.05,0,2
6,1,7,2,9,2,10,7,0,2,5,129.21,0.4,33.56,0,2
6,2,0,0,15,1,10,7,0,0,1,158.2,0.4,14.74,0,2
6,3,*.**,*,*.**,*,10,7,0,0,4,128.01,0.4,13.09,0,2
6,4,7,1,10,1,10,7,0,1,9,93.86,0.4,21.8,0,2
6,5,6,7,0,0,10,7,0,0,1,149.38,0.4,13.94,0,2
6,6,12,1,0,0,10,7,1,0,17,12.24,0.4,-2.71,0,2
6,7,10,6,0,0,10,7,0,0,5,119.44,0.4,12.67,0,2
6,8,10,5,0,0,10,7,0,0,11,68.72,0.4,10.24,0,2
6,9,10,5,12,3,10,7,0,0,6,110.09,0.4,12.19,0,2
6,10,*.**,*,*.**,*,10,7,0,0,6,112.88,0.4,12.44,0,2
6,11,7.5,10,0,0,10,7,0,0,0,171,0.4,15.54,0,2
6,12,8,2,10,2,10,7,0,2,2,151.75,0.4,34.52,0,2
6,13,*.**,*,*.**,*,10,7,0,0,6,112.88,0.4,12.44,0,2
6,14,8,2,0,0,10,7,0,0,0,160.32,0.4,14.57,0,2
6,15,10,3,12,2,10,7,3,0,7,88.47,0.4,-19.42,0,2
6,16,10,6,0,0,10,7,5,0,16,17.91,0.4,-42.56,0,2
6,17,9,1,12,5,10,7,0,0,15,34.51,0.4,8.59,0,2
6,18,9.01,3,0,0,10,7,0,0,5,121.27,0.4,12.84,0,2
6,19,6,3,9,2,10,7,0,2,4,134.08,0.4,33.64,0,2
6,20,5,10,10,2,10,7,0,2,0,183.29,0.4,36.66,0,2
7,1,9,3,10,1,11,7,0,1,4,155.83,0.4,26.62,0,2
7,2,9,6,13,1,11,7,0,0,1,174.42,0.4,16.22,0,2
7,3,10,4,12,2,11,7,0,0,4,142.41,0.4,14.4,0,2
7,4,0,0,9,1,11,7,0,1,8,118.54,0.4,24.68,0,2
7,5,11,3,0,0,11,7,3,0,4,129.61,0.4,-19.77,0,2
7,6,12,1,0,0,11,7,1,0,18,8.56,0.4,-3.68,0,2
7,7,10,5,12,1,11,7,0,0,5,133.38,0.4,13.94,0,2
7,8,11,5,0,0,11,7,1,0,12,68.29,0.4,-0.43,0,2
7,9,11,5,12,3,11,7,0,0,6,123.49,0.4,13.4,0,2
7,10,*.**,*,*.**,*,11,7,0,0,6,126.56,0.4,13.68,0,2
7,11,7.5,4,0,0,11,7,0,0,0,188.1,0.4,17.1,0,2
7,12,10,2,12,2,11,7,0,0,2,167.72,0.4,15.97,0,2
7,13,*.**,*,*.**,*,11,7,0,0,6,126.56,0.4,13.68,0,2
7,14,9,1,0,0,11,7,0,0,0,176.35,0.4,16.03,0,2
7,15,8,3,9,4,11,7,0,4,3,146.91,0.4,58.44,0,2
7,16,0,0,11,1,11,7,0,1,15,37.8,0.4,19.89,0,2
7,17,13,2,0,0,11,7,2,0,17,20.56,0.4,-13.95,0,2
7,18,10.01,5,0,0,11,7,0,0,5,135.39,0.4,14.12,0,2
7,19,8,2,15,2,11,7,0,0,4,149.08,0.4,15,0,2
7,20,7,10,0,0,11,7,0,0,0,201.61,0.4,18.32,0,2
8,1,10,4,0,0,12,7,0,0,4,173.01,0.4,17.18,0,2
8,2,13,8,15,1,12,7,8,0,9,89.86,0.4,-84.56,0,2
8,3,12,3,15,1,12,7,3,0,7,119.85,0.4,-22.56,0,2
8,4,11,2,13,1,12,7,0,0,8,133.59,0.4,15.05,0,2
8,5,0,0,15,2,12,7,0,0,4,144.17,0.4,14.56,0,2
8,6,0,0,12,10,12,7,0,3,15,55.01,0.4,46.45,0,2
8,7,10,3,0,0,12,7,0,0,5,148.71,0.4,15.33,0,2
8,8,12,5,0,0,12,7,5,0,17,15.91,0.4,-52.38,0,2
8,9,12,2,13,3,12,7,2,0,8,112.63,0.4,-10.86,0,2
8,10,3,5,6,6,12,7,0,6,0,218.41,0.4,91.85,0,2
8,11,10,5,0,0,12,7,0,0,0,206.9,0.4,18.8,0,2
8,12,10,2,12,2,12,7,0,2,0,210.89,0.4,43.17,0,2
8,13,*.**,*,*.**,*,12,7,0,0,6,141.61,0.4,15.05,0,2
8,14,9,3,0,0,12,7,0,0,0,193.98,0.4,17.63,0,2
8,15,9,4,12,1,12,7,0,0,3,162.8,0.4,15.89,0,2
8,16,0,0,12,6,12,7,0,6,9,124.38,0.4,86.58,0,2
8,17,0,0,14,2,12,7,0,0,17,29.41,0.4,8.85,0,2
8,18,0,0,0.01,1,12,7,0,1,4,163.72,0.4,28.33,0,2
8,19,11,2,13,2,12,7,0,0,4,165.58,0.4,16.5,0,2
8,20,10,5,0,0,12,7,0,0,0,221.77,0.4,20.16,0,2
9,1,11,4,12,2,13,7,0,2,2,219.71,0.4,46.7,0,2
9,2,13,4,0,0,13,7,0,0,9,102.44,0.4,12.58,0,2
9,3,*.**,*,*.**,*,13,7,0,0,7,134.63,0.4,14.78,0,2
9,4,14,2,16,1,13,7,2,0,10,122.34,0.4,-11.25,0,2
9,5,6,2,10,1,13,7,0,1,3,174.08,0.4,29.91,0,2
9,6,0,0,14,7,13,7,0,0,15,66.51,0.4,11.5,0,2
9,7,11,5,0,0,13,7,0,0,5,165.58,0.4,16.87,0,2
9,8,0,0,14,10,13,7,0,0,17,24.3,0.4,8.39,0,2
9,9,13,6,14,2,13,7,5,0,13,57.59,0.4,-55.04,0,2
9,10,0,0,0,0,13,7,0,0,0,240.25,0.4,21.84,0,2
9,11,11,4,0,0,13,7,0,0,0,227.59,0.4,20.69,0,2
9,12,12,2,0,0,13,7,0,0,0,231.97,0.4,21.08,0,2
9,13,14,5,24,5,13,7,5,0,11,88.67,0.4,-52.94,0,2
9,14,6,6,0,0,13,7,0,0,0,213.37,0.4,19.39,0,2
9,15,7,3,8,1,13,7,0,1,2,194.18,0.4,31.38,0,2
9,16,0,0,13,9,13,7,0,9,0,265.51,0.4,141.13,0,2
9,17,0,0,0,0,13,7,0,0,17,39.15,0.4,9.74,0,2
9,18,0,0,0.01,4,13,7,0,4,0,237.29,0.4,73.57,0,2
9,19,12,2,0,0,13,7,0,0,4,183.73,0.4,18.15,0,2
9,20,13,5,0,0,13,7,5,0,5,174.44,0.4,-47.33,0,2
10,1,14,4,0,0,14,7,4,0,6,182.48,0.4,-37.23,0,2
10,2,0,0,15,7,14,7,0,0,9,116.28,0.4,13.84,0,2
10,3,5,3,13,2,14,7,0,2,5,180.89,0.4,46.26,0,2
10,4,13,1,15,1,14,7,0,0,10,138.57,0.4,16.23,0,2
10,5,8,4,12,1,14,7,0,1,2,207.68,0.4,33.6,0,2
10,6,0,0,13,9,14,7,0,9,6,214.16,0.4,147.65,0,2
10,7,12,5,0,0,14,7,0,0,5,184.13,0.4,18.55,0,2
10,8,0,0,14,10,14,7,0,0,17,33.53,0.4,9.23,0,2
10,9,13,2,14,3,14,7,0,2,11,98.54,0.4,40.95,0,2
10,10,0,0,0,0,14,7,0,0,0,264.27,0.4,24.02,0,2
10,11,14,4,0,0,14,7,4,0,4,190.34,0.4,-37.25,0,2
10,12,15,2,0,0,14,7,2,0,2,225.16,0.4,-6.81,0,2
10,13,15,5,25,4,14,7,5,0,16,26.93,0.4,-61.74,0,2
10,14,7,1,0,0,14,7,0,0,0,234.7,0.4,21.33,0,2
10,15,10,5,10.5,1,14,7,0,1,1,229.39,0.4,35.21,0,2
10,16,0,0,0,0,14,7,0,0,0,292.06,0.4,26.55,0,2
10,17,0,0,0,0,14,7,0,0,17,49.86,0.4,10.71,0,2
10,18,13.01,3,0,0,14,7,0,0,0,261.01,0.4,23.72,0,2
10,19,13,1,0,0,14,7,0,0,4,203.7,0.4,19.97,0,2
10,20,10,5,15,3,14,7,0,0,5,193.88,0.4,19.44,0,2
11,1,13,1,15,2,15,7,0,2,4,237.72,1,55.24,0,2
11,2,8,5,0,0,15,7,0,0,9,136.9,1,20.62,0,2
11,3,15,5,17,2,15,7,5,0,10,126.47,1,-54.42,0,2
11,4,14,1,15,1,15,7,0,1,9,177.92,1,39.35,0,2
11,5,15,2,20,1,15,7,0,0,2,230.44,1,22.76,0,2
11,6,0,0,20,6,15,7,0,0,6,241.57,1,27.41,0,2
11,7,14,5,0,0,15,7,0,0,5,207.54,1,23.41,0,2
11,8,0,0,12,11,15,7,0,11,6,224.38,1,190.85,0,2
11,9,15,4,17,4,15,7,0,0,11,119.39,1,20.85,0,2
11,10,3,3,0,0,15,7,0,0,0,290.69,1,26.42,0,2
11,11,15,4,16,4,15,7,0,0,4,213.37,1,23.03,0,2
11,12,15,1,20,1,15,7,0,0,2,249.67,1,24.51,0,2
11,13,*.**,*,*.**,*,15,7,0,0,16,45.62,1,18.69,0,2
11,14,7,1,0,0,15,7,0,0,0,258.17,1,23.47,0,2
11,15,16,2,16.5,1,15,7,2,0,3,222.32,1,-7.07,0,2
11,16,0,0,0,0,15,7,0,0,0,321.26,1,29.2,0,2
11,17,15,2,0,0,15,7,0,0,17,71.84,1,21.98,0,2
11,18,14.01,1,0,0,15,7,0,0,0,287.11,1,26.1,0,2
11,19,16.5,2,0,0,15,7,2,0,6,197.07,1,-6.63,0,2
11,20,15,5,0,0,15,7,5,0,10,140.76,1,-53.12,0,2
12,1,16,4,0,0,16,7,1,0,5,248.89,1,11.17,0,2
12,2,8,5,16,7,16,7,0,7,2,275.79,1,138.89,0,2
12,3,15,3,18,2,16,7,0,0,10,149.11,1,22.64,0,2
12,4,14,2,16,2,16,7,0,2,7,237.91,1,59.99,0,2
12,5,25,2,0,0,16,7,2,0,4,222.28,1,-8.16,0,2
12,6,0,0,20,6,16,7,0,0,6,271.72,1,30.15,0,2
12,7,15,4,0,0,16,7,0,0,5,233.29,1,25.75,0,2
12,8,17.01,5,0,0,16,7,5,0,11,169.81,1,-54.57,0,2
12,9,15,3,16,2,16,7,0,2,9,175.52,1,56.13,0,2
12,10,0,6,0,0,16,7,0,0,0,319.75,1,29.06,0,2
12,11,16,2,17,4,16,7,2,0,6,205.5,1,-7.87,0,2
12,12,15,1,20,1,16,7,0,0,2,276.63,1,26.96,0,2
12,13,*.**,*,*.**,*,16,7,0,0,16,66.18,1,20.56,0,2
12,14,7,2,0,0,16,7,0,0,0,283.98,1,25.81,0,2
12,15,*.**,*,*.**,*,16,7,0,0,3,247.55,1,25.23,0,2
12,16,0,0,0,0,16,7,0,0,0,353.38,1,32.12,0,2
12,17,10,2,0,0,16,7,0,0,17,96.02,1,24.18,0,2
12,18,16.01,1,0,0,16,7,1,0,1,299.22,1,12.11,0,2
12,19,0,0,20,2,16,7,0,0,6,222.77,1,25.7,0,2
12,20,0,0,0,0,16,7,0,0,10,164.83,1,24.07,0,2
13,1,17,2,19,1,16,7,2,0,7,241.37,0.4,-7.52,0,2
13,2,10,4,17,1,16,7,0,0,2,304.16,0.4,28.37,0,2
13,3,11,10,18,5,16,7,0,0,10,168.02,0.4,18.91,0,2
13,4,16,1,18,1,16,7,1,0,8,247.3,0.4,9.39,0,2
13,5,10,1,18,2,16,7,0,0,4,246.1,0.4,23.82,0,2
13,6,0,0,20,6,16,7,0,0,6,301.29,0.4,29.57,0,2
13,7,17,5,0,0,16,7,5,0,10,172.61,0.4,-60.68,0,2
13,8,0,0,15,5,16,7,0,5,6,277.19,0.4,107.38,0,2
13,9,14,2,15,4,16,7,0,4,5,265.47,0.4,89.95,0,2
13,10,15,4,0,0,16,7,0,0,0,351.72,0.4,31.97,0,2
13,11,15,2,18,6,16,7,0,0,6,228.45,0.4,22.95,0,2
13,12,*.**,*,*.**,*,16,7,0,0,2,305.09,0.4,28.46,0,2
13,13,*.**,*,*.**,*,16,7,0,0,16,79.19,0.4,13.01,0,2
13,14,6,1,0,0,16,7,0,0,0,312.37,0.4,28.39,0,2
13,15,16.5,3,17,1,16,7,3,0,6,221.9,0.4,-25.65,0,2
13,16,*.**,*,*.**,*,16,7,0,0,0,388.71,0.4,35.33,0,2
13,17,0,0,16,15,16,7,0,8,9,250.02,0.4,154,0,2
13,18,18.01,1,0,0,16,7,1,0,2,312.34,0.4,13.12,0,2
13,19,0,0,20,2,16,7,0,0,6,247.44,0.4,24.67,0,2
13,20,17,5,0,0,16,7,5,0,15,99.31,0.4,-65.52,0,2
14,1,18,4,22,4,18,7,3,0,10,216.1,1,-25.27,0,2
14,2,10,6,15,1,18,7,0,1,1,355.37,1,51.21,0,2
14,3,20,5,25,2,18,7,5,0,15,100.82,1,-67.2,0,2
14,4,14,2,16,2,18,7,0,2,6,317.63,1,70.33,0,2
14,5,17,3,18,1,18,7,0,1,3,293.51,1,47.41,0,2
14,6,0,0,19,6,18,7,0,0,6,337.41,1,36.12,0,2
14,7,17,5,0,0,18,7,0,0,10,199.87,1,27.26,0,2
14,8,18.01,6,0,0,18,7,6,0,12,198.1,1,-79.09,0,2
14,9,14,6,15,3,18,7,0,3,2,353.41,1,87.94,0,2
14,10,18,6,0,0,18,7,6,0,6,274.09,1,-77.63,0,2
14,11,14,4,15.5,6,18,7,0,6,0,370.09,1,141.64,0,2
14,12,5,1,10,1,18,7,0,1,1,356.39,1,51.3,0,2
14,13,15,3,18,3,18,7,0,3,13,159.5,1,80.31,0,2
14,14,7,2,0,0,18,7,0,0,0,343.6,1,31.23,0,2
14,15,18.03,4,18.05,3,18,7,4,0,10,174.89,1,-47.01,0,2
14,16,0,0,0,0,18,7,0,0,0,427.58,1,38.87,0,2
14,17,0,0,15,7,18,7,0,7,2,415.62,1,165.6,0,2
14,18,17.01,1,0,0,18,7,0,0,2,345.57,1,33.23,0,2
14,19,0,0,19,2,18,7,0,0,6,278.18,1,30.74,0,2
14,20,18,2,19,15,18,7,0,0,15,124.24,1,24.93,0,2
15,1,0,0,19,5,18,7,0,0,10,241.71,0.4,25.61,0,2
15,2,10,10,0,0,18,7,0,0,1,391.3,0.4,35.93,0,2
15,3,18,1,25,5,18,7,1,0,16,97.5,0.4,-3.32,0,2
15,4,14,1,18,3,18,7,0,1,5,371.19,0.4,53.56,0,2
15,5,30,3,0,0,18,7,3,0,6,265.86,0.4,-27.65,0,2
15,6,*.**,*,*.**,*,18,7,0,0,6,373.55,0.4,36.14,0,2
15,7,17,5,0,0,18,7,0,0,10,223.85,0.4,23.98,0,2
15,8,0,0,16.99,6,18,7,0,6,6,339.11,0.4,141.01,0,2
15,9,*.**,*,*.**,*,18,7,0,0,2,389.55,0.4,36.14,0,2
15,10,20,5,77,6,18,7,5,0,11,206.89,0.4,-67.2,0,2
15,11,15,5,0,0,18,7,0,0,0,407.09,0.4,37,0,2
15,12,18,2,0,0,18,7,2,0,3,353.62,0.4,-2.77,0,2
15,13,13,3,23,3,18,7,0,0,13,180.65,0.4,21.15,0,2
15,14,7,1,0,0,18,7,0,0,0,377.96,0.4,34.36,0,2
15,15,0,0,15,5,18,7,0,5,5,293.37,0.4,118.48,0,2
15,16,0,0,0,0,18,7,0,0,0,470.33,0.4,42.75,0,2
15,17,15,5,21,2,18,7,0,0,2,457.98,0.4,42.36,0,2
15,18,19.01,1,0,0,18,7,1,0,3,361.52,0.4,15.95,0,2
15,19,16.5,1,19,2,18,7,0,0,6,308.39,0.4,30.21,0,2
15,20,*.**,*,*.**,*,18,7,0,0,15,142.66,0.4,18.42,0,2
16,1,0,0,16,4,15,7,0,0,10,269.88,0.4,28.17,0,2
16,2,10,11,0,0,15,7,0,0,1,430.83,0.4,39.53,0,2
16,3,20,1,25,5,15,7,1,0,17,97.55,0.4,0.05,0,2
16,4,15,2,17,3,15,7,0,0,5,410.3,0.4,39.11,0,2
16,5,0,0,19,3,15,7,0,0,6,294.84,0.4,28.98,0,2
16,6,0,0,25,6,15,7,0,0,6,413.3,0.4,39.75,0,2
16,7,18,5,0,0,15,7,5,0,15,169.73,0.4,-54.12,0,2
16,8,20.01,7,0,0,15,7,7,0,13,262.72,0.4,-76.39,0,2
16,9,14,6,18,2,15,7,0,0,2,429.3,0.4,39.75,0,2
16,10,15,1,20,11,15,7,0,0,11,231.97,0.4,25.08,0,2
16,11,15,5,0,0,15,7,5,0,5,367.29,0.4,-39.8,0,2
16,12,0,0,15,1,15,7,0,1,2,406.28,0.4,52.66,0,2
16,13,12,2,22,3,15,7,0,0,13,203.91,0.4,23.26,0,2
16,14,7,1,0,0,15,7,0,0,0,415.75,0.4,37.79,0,2
16,15,14,2,15,2,15,7,0,2,3,356.9,0.4,63.53,0,2
16,16,0,0,0,0,15,7,0,0,0,517.36,0.4,47.03,0,2
16,17,15,5,19,2,15,7,0,0,2,504.57,0.4,46.59,0,2
16,18,0,0,32,1,15,7,0,0,3,398.87,0.4,37.35,0,2
16,19,0,0,20,2,15,7,0,0,6,341.62,0.4,33.23,0,2
16,20,0,0,15,15,15,7,0,15,0,404.42,0.4,261.76,0,2
17,1,0,0,13,3,15,7,0,3,7,353.36,1,83.48,0,2
17,2,10,8,0,0,15,7,0,0,1,474.91,1,44.08,0,2
17,3,15,1,18,3,15,7,1,0,18,108.8,1,11.25,0,2
17,4,0,0,14,2,15,7,0,2,3,487.33,1,77.03,0,2
17,5,12,1,17,3,15,7,0,0,6,330.32,1,35.48,0,2
17,6,0,0,15,6,15,7,0,0,6,460.63,1,47.33,0,2
17,7,18,5,0,0,15,7,5,0,20,124.2,1,-45.53,0,2
17,8,0,0,15,7,15,7,0,0,13,301.99,1,39.27,0,2
17,9,13,3,15,2,15,7,0,1,1,489.73,1,60.43,0,2
17,10,*.**,*,*.**,*,15,7,0,0,11,266.16,1,34.19,0,2
17,11,5,6,16,5,15,7,0,0,5,409.01,1,41.72,0,2
17,12,7,2,0,0,15,7,0,0,2,448.9,1,42.62,0,2
17,13,12,3,17,3,15,7,0,0,13,237.3,1,33.39,0,2
17,14,7,2,0,0,15,7,0,0,0,457.32,1,41.57,0,2
17,15,14,2,15,2,15,7,0,0,3,395.59,1,38.69,0,2
17,16,0,0,0,0,15,7,0,0,0,569.09,1,51.73,0,2
17,17,0,0,13,2,15,7,0,2,0,588.02,1,83.45,0,2
17,18,0,0,0,0,15,7,0,0,3,441.75,1,42.88,0,2
17,19,15,2,0,0,15,7,2,0,8,350.78,1,9.16,0,2
17,20,10,4,0,0,15,7,0,0,0,444.86,1,40.44,0,2
18,1,0,0,16,3,12.99,7,0,0,7,395.69,1,42.33,0,2
18,2,0,0,15,1,12.99,7,0,0,1,523.4,1,48.49,0,2
18,3,0,0,20,15,12.99,7,0,0,18,137.68,1,28.88,0,2
18,4,0,0,14,3,12.99,7,0,0,3,539.06,1,51.73,0,2
18,5,*.**,*,*.**,*,12.99,7,0,0,6,369.35,1,39.03,0,2
18,6,0,0,10,6,12.99,7,0,6,0,592.42,1,131.79,0,2
18,7,16,2,17,2,12.99,7,2,0,22,130.04,1,5.84,0,2
18,8,0,0,12.99,13,12.99,7,0,5,8,411.63,1,109.64,0,2
18,9,13,2,15,1,12.99,7,2,0,3,513.12,1,23.39,0,2
18,10,19,1,0,0,12.99,7,1,0,12,290.48,1,24.32,0,2
18,11,5,10,15,5,12.99,7,0,0,5,454.91,1,45.9,0,2
18,12,10,2,0,0,12.99,7,0,0,2,495.79,1,46.89,0,2
18,13,16,4,20,4,12.99,7,4,0,17,220.87,1,-16.43,0,2
18,14,7,1,0,0,12.99,7,0,0,0,503.05,1,45.73,0,2
18,15,16,2,16.05,2,12.99,7,2,0,5,411.57,1,15.98,0,2
18,16,0,0,0,0,12.99,7,0,0,0,625.99,1,56.9,0,2
18,17,0,0,0,0,12.99,7,0,0,0,646.82,1,58.8,0,2
18,18,0,0,17,1,12.99,7,0,0,3,488.92,1,47.17,0,2
18,19,0,0,16,4,12.99,7,0,0,8,393.85,1,43.07,0,2
18,20,6,20,0,0,12.99,7,0,0,0,489.34,1,44.48,0,2
19,1,0,0,9,7,10,7,0,7,0,512.25,1,116.56,0,2
19,2,0,0,11,1,10,7,0,0,1,576.74,1,53.34,0,2
19,3,0,0,20,18,10,7,0,0,18,169.44,1,31.76,0,2
19,4,0,0,10,3,10,7,0,3,0,625.96,1,86.9,0,2
19,5,0,0,12,2,10,7,0,0,6,412.28,1,42.93,0,2
19,6,0,0,0,0,10,7,0,0,0,651.66,1,59.24,0,2
19,7,12,2,16,6,10,7,2,0,24,145.04,1,15,0,2
19,8,0,0,10,8,10,7,0,0,8,460.79,1,49.16,0,2
19,9,0,0,14,3,10,7,0,0,3,567.43,1,54.31,0,2
19,10,15,1,18,12,10,7,1,0,13,321.52,1,31.04,0,2
19,11,4,10,8,5,10,7,0,5,0,555.4,1,100.49,0,2
19,12,0,0,10,1,10,7,0,0,2,547.36,1,51.57,0,2
19,13,14,4,20,3,10,7,4,0,21,219.95,1,-0.92,0,2
19,14,7,2,0,0,10,7,0,0,0,553.35,1,50.3,0,2
19,15,0,0,11,3,10,7,0,0,5,457.72,1,46.15,0,2
19,16,0,0,0,0,10,7,0,0,0,688.58,1,62.59,0,2
19,17,7,20,0,0,10,7,0,0,0,711.5,1,64.68,0,2
19,18,0,0,0,0,10,7,0,0,3,540.81,1,51.89,0,2
19,19,*.**,*,*.**,*,10,7,0,0,8,441.23,1,47.38,0,2
19,20,10,8,0,0,10,7,8,0,8,458.27,1,-31.07,0,2
20,1,6.99,18,0,0,7,7,0,0,0,563.47,1,51.22,563.47,2
20,2,0,0,9,1,7,7,0,0,1,635.41,1,65.67,642.41,2
20,3,0,0,15,18,7,7,0,0,18,204.38,1,160.94,330.38,2
20,4,0,0,0,0,7,7,0,0,0,688.55,1,62.59,688.55,2
20,5,0,0,4,4,7,7,0,4,2,486.3,1,88.02,500.3,2
20,6,0,0,0,0,7,7,0,0,0,716.82,1,65.16,716.82,2
20,7,*.**,*,*.**,*,7,7,0,0,24,183.54,1,206.5,351.54,2
20,8,0,0,8.5,8,7,7,0,0,8,514.86,1,110.07,570.86,2
20,9,7,18,8,3,7,7,1,0,4,620.47,1,81.04,648.47,2
20,10,3,1,10,13,7,7,0,0,13,366.67,1,136.15,457.67,2
20,11,6,10,0,0,7,7,0,0,0,610.94,1,55.54,610.94,2
20,12,0,0,10,2,7,7,0,0,2,604.09,1,70.73,618.09,2
20,13,10,3,23,3,7,7,3,0,24,242.84,1,190.89,410.84,2
20,14,7,2,0,0,7,7,0,0,0,608.68,1,55.33,608.68,2
20,15,0,0,0,0,7,7,0,0,5,508.49,1,85.77,543.49,2
20,16,0,0,0,0,7,7,0,0,0,757.43,1,68.85,757.43,2
20,17,7,20,0,0,7,7,0,0,0,782.65,1,71.15,782.65,2
20,18,0,0,8,3,7,7,0,0,3,597.89,1,78.08,618.89,2
20,19,*.**,*,*.**,*,7,7,0,0,8,493.35,1,108.12,549.35,2
20,20,0,0,7.01,8,7,7,0,0,8,512.09,1,109.82,568.09,2