State,Congressional District,Active Loans,Average Borrower Gross Income,Very Low Income,Low Income,Moderate Income,Average Debt Ratio,"American Indian/
Alaskan Native",Asian,"Black/
African-America",Hawaiian/Pacific Islander,White,Hispanic,Married,Average No of Depend,Average Hshld Size,First Time Home Buyer,Average Borrower Age,Disability,PUD,Condo,Coop,Unknown  HSG Proj Type,Detached Structure,Attached Structure,Unknown Stucture,Manufactured Homes,Average Living Area (Square Ft),Average Request Amount,Average Loan Amount,Average LTV,Average Appraised Value
AK,00,"2,926","72,337.58",131,954,"1,674",0,187,132,19,24,"2,578",118,"1,456",0.9,2.3,"2,325",37,10,151,89,3,"2,683","2,405",124,397,0,"1,314","194,095.12","188,640.94",0.98,"194,897.50"
AL,01,"3,543","52,733.67",43,347,"3,110",0,19,17,481,9,"3,023",90,"1,562",0.7,2.2,"3,076",37,18,727,7,6,"2,803","3,427",16,100,2,"1,644","126,428.67","125,783.28",0.99,"127,057.33"
AL,02,"2,922","50,266.44",69,368,"2,449",0,9,13,447,5,"2,459",67,"1,274",0.8,2.2,"2,449",37,15,145,0,0,"2,777","2,754",58,110,0,"1,559","115,463.04","114,710.70",0.98,"117,104.11"
AL,03,"3,496","50,301.94",79,441,"2,942",0,4,4,534,10,"2,952",48,"1,526",0.7,2.1,"2,946",37,22,452,1,1,"3,042","3,336",33,127,0,"1,556","117,638.11","117,095.52",0.98,"119,519.66"
AL,04,"4,699","48,225.72",152,683,"3,789",0,12,23,137,4,"4,525",164,"2,309",0.7,2.1,"3,786",37,30,116,1,1,"4,581","4,417",32,250,0,"1,543","105,005.81","104,266.75",0.98,"106,572.83"
AL,05,"5,689","51,169.88",226,987,"4,328",0,22,31,923,11,"4,715",113,"2,470",0.6,2,"4,473",37,35,670,0,2,"5,017","5,352",20,317,0,"1,634","124,417.89","123,088.99",0.99,"124,698.76"
AL,06,"3,089","51,401.42",43,339,"2,694",0,7,10,521,3,"2,554",49,"1,238",0.6,2.1,"2,631",37,16,916,0,2,"2,171","2,957",85,47,0,"1,522","126,391.64","126,199.54",0.99,"127,522.36"
AL,07,"1,662","52,095.04",23,138,"1,493",0,0,3,584,0,"1,075",21,563,0.7,2,"1,481",37,10,370,0,0,"1,292","1,619",21,22,0,"1,643","133,849.86","133,469.65",0.99,"135,197.01"
AL,14,1,"56,784.00",0,0,1,0,0,0,0,0,1,0,1,0,1,1,38,0,0,0,0,1,1,0,0,0,"1,236","134,464.00","134,464.00",1.01,"133,000.00"
AR,01,"8,427","46,224.40",261,"1,314","6,679",0,17,21,829,11,"7,544",118,"4,017",0.8,2.2,"6,692",38,88,141,0,5,"8,281","7,492",224,711,0,"1,483","95,931.72","95,124.99",0.98,"97,768.51"
AR,02,"5,576","50,323.15",148,949,"4,440",0,12,24,645,12,"4,906",123,"2,633",0.8,2.2,"4,478",37,34,453,4,5,"5,114","5,271",167,138,0,"1,503","120,272.98","119,969.45",0.99,"120,980.60"
AR,03,"8,524","47,661.36",417,"1,835","6,071",0,69,85,93,19,"8,274",671,"4,272",0.7,2.3,"6,824",38,45,872,1,1,"7,650","7,702",244,578,0,"1,466","110,003.14","108,918.05",0.98,"111,554.77"
AR,04,"5,905","45,924.00",261,"1,317","4,247",0,25,29,505,5,"5,335",363,"2,995",0.8,2.3,"4,629",39,63,229,1,2,"5,673","5,191",296,418,0,"1,531","95,474.07","94,926.88",0.98,"97,808.36"
AZ,01,"4,320","52,025.17",325,"1,287","2,643",0,84,52,155,17,"4,011","1,177","1,944",1.1,2.6,"3,630",40,45,"1,917",4,2,"2,397","4,184",33,103,6,"1,784","130,462.22","129,533.42",0.99,"131,029.50"
AZ,02,"1,593","54,078.64",101,478,"1,010",0,15,12,30,9,"1,537",658,758,1.2,2.7,"1,312",39,13,961,2,0,630,"1,545",39,9,0,"1,749","147,689.56","147,500.58",1.00,"146,567.91"
AZ,03,"3,901","46,095.97",472,"1,458","1,947",0,34,28,114,8,"3,720","2,858","2,022",1.3,2.9,"3,557",39,18,"1,705",2,1,"2,193","3,846",20,35,1,"1,638","124,232.60","123,970.54",0.99,"124,111.40"
AZ,04,"5,137","50,390.51",392,"1,720","2,831",0,48,80,106,17,"4,879",934,"2,360",0.9,2.5,"4,189",41,62,"2,349",4,1,"2,783","4,826",31,280,0,"1,711","133,487.99","131,258.71",1.00,"133,846.04"
AZ,05,389,"68,125.97",3,76,309,0,4,6,8,3,368,64,234,1.6,3.3,310,39,1,337,0,0,52,388,0,1,0,"2,199","216,996.38","216,882.09",1.00,"216,842.29"
AZ,06,4,"43,824.00",0,3,1,0,0,0,1,0,3,2,1,1.5,3,4,35,0,3,0,0,1,4,0,0,0,"1,695","150,473.50","150,473.50",0.98,"152,500.00"
AZ,07,11,"39,689.33",1,4,4,0,0,2,0,0,9,7,4,0.6,1.7,8,39,0,5,0,0,6,9,0,2,0,"1,662","113,832.44","102,122.00",1.00,"113,101.89"
AZ,08,331,"55,568.62",9,132,185,0,2,3,17,2,308,81,146,1.1,2.7,277,41,0,217,0,0,114,323,2,6,0,"1,962","166,552.44","165,635.93",0.99,"166,215.48"
AZ,09,3,"43,353.33",0,2,1,0,0,0,0,0,3,0,1,0,1.3,2,56,0,1,0,0,2,3,0,0,0,"2,033","105,817.00","105,817.00",0.99,"107,333.33"
CA,01,"2,866","54,661.76",129,698,"2,031",0,34,20,11,5,"2,807",350,"1,397",1,2.6,"2,563",40,34,150,3,2,"2,711","2,817",27,22,0,"1,385","157,575.57","157,464.32",0.99,"157,100.64"
CA,02,813,"59,766.17",18,117,673,0,11,10,7,2,784,106,409,1,2.6,726,40,7,17,2,0,794,790,12,11,0,"1,369","204,341.60","203,995.36",0.99,"204,761.24"
CA,03,"1,214","56,672.71",48,282,877,0,11,21,17,6,"1,166",448,631,1.1,2.8,"1,116",40,8,23,1,0,"1,190","1,189",14,11,0,"1,512","168,187.16","167,886.08",1.00,"166,866.52"
CA,04,"2,159","61,291.24",61,475,"1,611",0,23,39,15,9,"2,079",182,"1,039",1,2.5,"1,906",41,23,365,25,0,"1,769","2,068",70,21,1,"1,507","196,605.18","196,186.23",0.99,"197,927.76"
CA,05,159,"55,442.27",2,32,125,0,0,2,1,1,156,29,63,1,2.5,146,41,1,59,1,0,99,157,2,0,0,"1,422","162,039.04","162,038.89",0.98,"161,559.57"
CA,06,3,"77,088.00",0,1,2,0,0,0,0,0,3,0,1,1.7,3,3,43,0,0,0,0,3,3,0,0,0,"2,032","309,020.00","309,020.00",1.01,"305,000.00"
CA,07,22,"74,606.78",0,2,16,0,0,1,0,1,20,2,12,1.3,2.5,18,40,0,4,0,0,18,17,1,4,0,"1,435","239,425.56","217,219.14",0.93,"230,111.11"
CA,08,"2,426","48,603.01",338,622,"1,457",0,22,42,106,17,"2,245",507,"1,059",1,2.5,"2,225",42,35,27,2,0,"2,397","2,378",14,34,0,"1,459","130,151.28","130,170.56",0.98,"129,435.98"
CA,09,438,"67,770.04",6,85,330,0,5,27,24,7,375,160,231,1.4,3,380,40,2,39,8,0,391,412,8,18,0,"1,750","221,250.41","218,218.67",1.00,"219,635.84"
CA,10,748,"57,819.97",25,152,559,0,8,17,13,8,703,291,397,1.3,2.9,685,39,3,27,5,0,716,725,11,12,0,"1,605","180,354.54","179,265.60",0.99,"179,585.52"
CA,11,4,"67,320.00",0,1,2,0,0,1,0,0,3,1,2,1,2,3,44,0,1,0,0,3,3,0,1,0,"1,198","262,664.00","216,194.91",1.02,"256,666.67"
CA,14,3,"127,864.00",0,0,3,0,0,0,0,1,2,0,2,1.3,3,3,46,0,1,0,0,2,2,1,0,0,"1,417","449,527.67","449,527.67",0.97,"471,666.67"
CA,16,"1,076","49,702.08",95,320,657,0,19,23,11,3,"1,021",727,603,1.4,3,"1,001",40,4,35,1,1,"1,039","1,065",6,5,0,"1,541","141,758.46","141,632.07",0.99,"142,884.62"
CA,17,3,"73,308.00",0,2,1,0,0,0,0,0,3,1,1,0.7,2,2,48,0,0,0,0,3,3,0,0,0,"1,202","280,570.00","280,570.00",1.01,"276,666.67"
CA,18,70,"88,368.53",2,5,63,0,0,2,2,0,66,3,40,0.7,2.4,53,43,0,6,6,0,58,63,7,0,0,"1,180","321,726.37","321,852.96",0.98,"320,306.30"
CA,19,2,"87,606.00",0,0,2,0,0,0,0,0,2,1,1,1.5,5,2,38,0,1,0,0,1,2,0,0,0,"1,741","213,264.50","213,264.50",0.99,"216,500.00"
CA,20,"1,657","64,166.15",74,453,"1,101",0,20,35,8,7,"1,578","1,377",999,1.7,3.6,"1,512",42,4,79,7,0,"1,571","1,560",46,51,0,"1,461","227,565.55","225,971.79",0.97,"232,832.57"
CA,21,"2,630","51,409.61",175,756,"1,680",0,34,39,25,11,"2,531","2,001","1,367",1.5,3.1,"2,491",38,8,60,22,1,"2,547","2,556",41,33,0,"1,523","154,206.48","153,937.79",0.98,"155,662.36"
CA,22,"1,437","47,891.39",139,519,775,0,24,24,3,7,"1,384","1,168",730,1.5,3.3,"1,377",38,2,61,2,0,"1,374","1,419",10,8,0,"1,490","143,038.21","143,022.23",0.98,"145,731.86"
CA,23,853,"54,192.76",48,209,588,0,5,6,25,2,817,202,422,1.1,2.6,752,40,10,42,3,1,807,836,7,10,0,"1,543","144,852.49","144,294.53",0.99,"145,071.39"
CA,24,893,"69,938.48",25,181,679,0,13,3,11,5,866,190,481,1.1,2.7,777,40,4,124,61,0,708,807,78,8,0,"1,408","265,794.51","264,607.62",1.00,"264,909.97"
CA,25,162,"60,045.61",26,41,90,0,1,5,4,0,153,69,71,1,2.5,142,43,0,2,1,0,159,156,1,5,0,"1,483","161,764.38","159,022.37",1.00,"160,304.11"
CA,26,80,"82,163.75",1,11,68,0,4,1,0,1,74,33,52,1.2,3,73,40,0,15,5,0,60,70,10,0,0,"1,464","301,184.28","301,512.98",1.00,"303,245.54"
CA,36,924,"49,419.49",96,265,529,0,23,40,20,3,837,595,463,1.3,3,840,40,3,66,3,0,855,878,5,41,0,"1,650","142,815.37","140,547.89",0.99,"143,168.77"
CA,41,25,"61,501.08",1,3,9,0,0,5,7,0,13,8,14,0.8,1.6,13,44,0,3,2,0,20,12,1,12,0,"1,674","201,885.15","148,272.23",1.01,"201,015.38"
CA,42,651,"66,192.77",5,104,521,0,8,21,39,7,587,188,383,1.4,3,575,41,2,251,29,0,371,614,16,21,0,"1,969","226,319.69","222,544.79",1.00,"224,356.61"
CA,45,2,"89,784.00",0,0,2,0,0,0,0,0,2,1,1,1.5,3.5,2,42,0,0,0,0,2,2,0,0,0,"1,665","396,061.00","396,061.00",1.00,"397,500.00"
CA,49,4,"68,274.00",0,1,3,0,0,0,1,1,2,2,2,1,2.8,4,35,0,0,1,0,3,4,0,0,0,"1,714","237,387.00","237,387.00",1.02,"232,250.00"
CA,50,250,"77,656.85",6,29,212,0,5,2,2,1,241,50,138,1.2,2.9,217,42,1,55,30,0,165,218,29,3,0,"1,538","274,554.32","272,896.46",0.98,"273,999.64"
CA,51,"1,415","54,100.25",81,348,973,0,42,19,13,2,"1,340","1,174",808,1.5,3.1,"1,309",39,2,25,18,1,"1,371","1,374",17,24,0,"1,585","155,505.95","154,999.43",1.00,"154,889.62"
CO,02,955,"68,257.19",13,120,817,0,5,5,3,1,943,68,492,0.8,2.5,746,39,3,337,117,0,501,785,164,6,0,"1,379","219,775.83","219,300.11",1.00,"219,927.33"
CO,03,"4,029","58,435.35",125,743,"3,109",0,23,30,12,4,"3,958",496,"2,026",0.9,2.5,"3,160",38,16,"1,213",261,2,"2,553","3,315",558,156,1,"1,413","179,182.30","177,846.16",0.98,"182,492.92"
CO,04,"3,387","55,174.18",146,701,"2,399",0,18,43,11,7,"3,260",574,"1,754",1,2.5,"2,674",38,10,790,4,5,"2,588","2,951",84,352,5,"1,421","155,480.14","151,539.56",0.99,"154,884.52"
CO,05,861,"53,932.22",49,188,614,0,4,4,3,1,852,35,437,1,2.5,684,41,9,85,3,0,773,817,17,27,0,"1,371","152,826.81","152,154.90",0.99,"154,090.72"
CO,06,89,"73,091.41",0,11,64,0,0,4,0,0,83,20,64,1.3,2.8,58,39,0,29,4,0,56,67,5,17,0,"1,578","229,709.09","209,917.33",1.01,"227,995.64"
CO,07,4,"57,580.00",0,2,2,0,0,0,0,0,4,0,2,1,2.8,4,33,0,2,0,0,2,4,0,0,0,"1,508","188,812.25","188,812.25",1.02,"184,925.00"
CT,01,249,"71,520.09",2,42,204,0,0,3,2,1,242,16,106,0.7,2.3,211,38,2,7,17,0,225,229,18,2,0,"1,486","184,197.42","183,722.45",0.99,"185,930.74"
CT,02,"3,522","66,659.66",51,539,"2,922",0,4,27,41,5,"3,449",133,"1,323",0.7,2.1,"3,031",37,3,22,131,2,"3,367","3,230",160,132,0,"1,338","175,785.91","175,652.16",0.97,"176,102.29"
CT,03,218,"71,428.89",1,29,188,0,2,2,9,0,206,18,75,0.7,2.2,185,37,0,0,19,0,199,193,21,4,0,"1,316","204,886.22","205,428.06",0.97,"204,690.43"
CT,04,15,"87,137.87",0,1,14,0,0,0,1,0,14,0,7,1.1,2.9,15,43,0,0,2,0,13,13,2,0,0,"1,448","247,267.87","247,267.87",1.00,"247,200.00"
CT,05,497,"75,719.56",2,46,445,0,2,3,9,0,485,26,213,0.8,2.4,425,38,0,6,50,0,441,447,46,4,0,"1,411","202,085.01","201,384.18",0.97,"203,521.31"
DE,00,"4,163","58,258.80",143,895,"3,086",0,14,50,672,12,"3,433",194,"1,420",0.7,2.2,"3,591",37,15,"1,119",115,1,"2,928","3,376",667,120,12,"1,661","187,475.92","186,659.05",0.99,"188,368.91"
DE,01,4,"56,961.50",0,0,4,0,0,0,1,0,3,0,2,0.3,1.3,3,26,0,0,0,0,4,3,0,1,0,"1,707","166,374.00","166,374.00",1.01,"164,525.00"
FL,01,"4,506","50,638.63",207,972,"3,234",0,15,43,238,14,"4,208",124,"2,009",0.7,2.1,"3,654",38,33,832,3,0,"3,671","4,001",170,335,0,"1,549","131,019.80","129,852.70",0.98,"133,280.18"
FL,02,"3,378","50,467.68",34,411,"2,882",0,14,26,489,13,"2,858",112,"1,502",0.7,2,"2,661",39,16,527,10,0,"2,841","3,035",104,239,0,"1,465","129,139.68","128,358.75",0.96,"131,516.23"
FL,03,"3,021","51,824.69",56,500,"2,414",0,9,20,319,9,"2,673",196,"1,391",0.8,2.3,"2,550",39,21,794,14,1,"2,212","2,804",88,129,0,"1,617","125,422.10","124,399.09",0.97,"129,058.89"
FL,04,784,"56,435.33",11,114,653,0,4,3,31,0,746,26,355,0.9,2.4,658,38,4,370,1,0,413,768,7,9,0,"1,661","147,427.45","146,989.46",0.98,"150,337.80"
FL,05,507,"54,184.48",10,68,409,0,0,13,77,0,420,54,225,0.8,2.3,404,40,7,198,0,0,309,433,31,43,0,"1,758","141,480.77","138,688.69",0.97,"143,630.99"
FL,06,"2,215","54,352.86",128,345,"1,737",0,8,44,126,4,"2,045",178,"1,054",0.8,2.4,"1,883",42,17,774,73,0,"1,368","2,009",190,16,0,"1,734","143,407.11","143,351.02",0.98,"143,769.21"
FL,07,525,"51,040.35",59,88,364,0,1,9,33,0,482,84,212,0.8,2.3,452,40,5,123,1,0,401,496,12,17,0,"1,609","124,225.87","122,910.01",0.97,"125,919.31"
FL,08,437,"50,482.39",14,94,327,0,0,4,23,0,410,41,196,0.8,2.4,379,40,3,64,0,0,373,401,32,4,0,"1,591","121,772.98","121,547.25",0.98,"123,568.91"
FL,09,"3,029","53,584.94",67,472,"2,415",0,12,49,358,20,"2,573","1,384","1,547",0.9,2.5,"2,566",42,28,"1,956",11,0,"1,062","2,725",107,197,0,"1,819","145,359.45","143,658.17",0.99,"146,819.14"
FL,10,"4,018","52,695.83",76,580,"3,288",0,13,62,458,19,"3,469",654,"1,800",0.8,2.2,"3,394",40,25,"1,992",60,0,"1,966","3,560",262,196,0,"1,730","139,524.03","138,371.57",0.98,"140,712.33"
FL,11,"4,865","45,856.90",242,"1,054","3,510",0,15,28,321,19,"4,479",569,"2,005",0.7,2.2,"4,216",42,51,628,10,1,"4,226","4,582",107,176,0,"1,609","101,532.25","101,071.53",0.98,"103,826.80"
FL,12,"1,525","56,744.37",20,166,"1,336",0,2,18,162,5,"1,342",290,711,0.9,2.4,"1,312",39,6,944,7,0,574,"1,397",119,9,0,"1,756","149,868.64","149,840.80",0.99,"150,211.00"
FL,13,5,"69,193.60",0,0,5,0,0,0,0,0,5,0,2,0.6,2.8,4,39,0,4,0,0,1,5,0,0,0,"1,833","174,215.20","174,215.20",0.98,"175,620.00"
FL,14,575,"58,053.45",6,59,510,0,2,5,165,1,401,109,251,1,2.5,502,41,1,443,0,0,132,551,22,2,0,"1,942","156,838.84","157,160.16",1.00,"156,754.55"
FL,15,"2,502","54,289.29",31,287,"2,160",0,6,28,298,5,"2,168",449,"1,157",0.9,2.4,"2,185",39,15,"1,227",3,0,"1,272","2,275",99,128,0,"1,672","141,773.81","141,341.17",0.99,"143,517.18"
FL,16,"1,084","54,619.55",35,187,854,0,4,9,84,1,984,147,517,0.8,2.4,928,41,5,533,9,0,542,999,30,55,0,"1,656","145,406.29","144,793.19",0.99,"146,923.85"
FL,17,"3,376","50,505.71",86,613,"2,589",0,9,51,426,25,"2,851",740,"1,559",0.8,2.3,"2,923",40,14,"1,139",6,0,"2,231","3,040",130,206,0,"1,622","116,990.40","115,702.79",0.98,"118,715.82"
FL,18,276,"53,179.32",5,36,231,0,1,2,19,0,254,26,116,0.8,2.2,228,42,1,84,14,0,178,208,59,9,0,"1,509","136,019.43","135,695.98",0.99,"137,630.24"
FL,19,"1,049","45,984.75",74,348,604,0,0,11,154,3,881,369,416,0.8,2.2,922,42,3,196,13,0,840,980,37,32,0,"1,577","111,887.83","111,526.36",0.99,"112,914.01"
FL,20,57,"54,235.57",1,8,43,0,0,3,15,0,40,14,24,0.9,2.1,45,37,0,2,0,0,55,49,1,7,0,"1,402","105,569.00","100,361.19",0.99,"107,329.81"
FL,25,"1,149","53,431.24",81,343,714,0,2,11,92,4,"1,041",595,560,0.8,2.5,"1,028",42,1,216,15,0,918,"1,057",70,22,0,"1,533","147,110.24","146,710.81",0.99,"148,012.36"
FL,,4,"54,470.00",0,0,4,0,0,0,0,0,4,0,3,1.5,2.5,4,43,0,0,0,0,4,4,0,0,0,"1,637","123,275.75","123,275.75",0.86,"135,750.00"
GA,01,"2,669","52,985.18",61,529,"2,056",0,5,20,571,6,"2,078",76,"1,089",0.8,2.3,"2,292",37,9,"1,089",1,0,"1,579","2,451",171,47,0,"1,645","132,416.57","132,094.70",0.98,"133,474.36"
GA,02,"1,275","50,275.61",140,253,847,0,4,2,359,3,908,37,560,0.9,2.3,"1,080",38,3,89,2,5,"1,179","1,203",6,66,0,"1,701","109,307.75","107,922.88",0.96,"112,962.19"
GA,03,"3,687","52,618.12",358,"1,105","2,122",0,3,15,490,8,"3,178",69,"1,745",0.9,2.4,"3,160",37,16,478,2,0,"3,207","3,474",28,185,0,"1,704","116,002.13","115,101.14",0.97,"117,761.61"
GA,04,205,"49,225.11",24,55,56,0,0,1,36,0,167,3,96,0.5,1.5,113,38,1,20,0,0,185,102,1,102,0,"1,792","117,021.47","104,877.26",0.97,"117,043.05"
GA,05,5,"58,996.50",1,2,1,0,0,0,3,0,2,0,5,1,2.6,4,38,0,2,0,0,3,4,0,1,0,"2,839","186,711.75","160,970.47",0.99,"188,000.00"
GA,06,5,"49,900.80",0,2,3,1,0,0,0,0,5,1,2,1,2.4,4,39,0,2,0,0,3,5,0,0,0,"1,477","149,463.40","149,463.40",0.82,"118,200.00"
GA,07,31,"58,753.59",2,11,16,0,0,0,4,0,28,2,19,0.9,2.4,23,38,0,15,0,0,16,29,0,2,0,"2,308","169,137.47","163,365.99",1.00,"168,772.07"
GA,08,"2,643","52,029.25",227,496,"1,908",0,4,8,418,3,"2,213",72,"1,272",0.9,2.4,"2,232",38,15,243,2,4,"2,394","2,582",27,34,0,"1,675","117,886.52","117,700.83",0.97,"121,170.35"
GA,09,"5,388","51,806.73",396,"1,526","3,422",0,12,53,214,6,"5,112",331,"2,746",0.9,2.5,"4,547",38,39,"1,045",3,1,"4,339","5,250",36,102,1,"1,658","124,796.99","124,453.67",0.97,"127,270.76"
GA,10,"4,476","51,216.78",470,"1,386","2,490",0,10,60,549,6,"3,856",151,"1,996",0.8,2.3,"3,760",38,27,731,6,4,"3,735","4,139",41,296,0,"1,738","117,825.49","116,774.02",0.98,"118,449.03"
GA,11,"1,301","54,154.39",76,431,765,0,5,1,64,0,"1,232",40,677,0.9,2.4,"1,107",37,11,239,6,0,"1,056","1,239",26,36,0,"1,531","119,824.82","119,076.70",0.97,"122,230.92"
GA,12,"1,837","50,932.32",45,395,"1,367",0,5,6,267,6,"1,557",47,846,0.8,2.3,"1,547",36,9,252,0,1,"1,584","1,722",25,90,0,"1,639","114,848.82","114,079.83",0.97,"117,702.03"
GA,13,490,"53,931.81",61,140,237,0,1,4,155,4,329,25,241,0.9,2.2,377,39,0,171,0,0,319,428,4,58,0,"2,110","130,456.80","125,578.22",0.98,"131,505.14"
GA,14,"4,578","49,333.54",269,"1,347","2,843",0,7,15,153,11,"4,400",264,"2,311",0.8,2.4,"3,900",37,27,210,1,1,"4,366","4,355",24,199,0,"1,483","105,449.64","104,658.57",0.97,"107,976.42"
HI,01,"1,448","93,531.11",28,357,"1,057",0,19,953,19,349,305,98,870,1.1,3.3,"1,236",41,4,324,952,0,172,711,729,8,0,"1,142","374,503.69","373,678.66",1.00,"372,580.10"
HI,02,"2,951","78,281.73",89,648,"2,127",0,78,916,36,"1,142","1,105",182,"1,678",1.2,3.1,"2,515",42,31,600,645,0,"1,706","2,183",592,176,0,"1,221","288,163.63","283,297.52",0.99,"290,209.42"
IA,01,"3,076","49,859.20",139,769,"2,136",0,6,7,4,8,"3,053",40,"1,013",0.6,2,"2,524",34,17,10,4,1,"3,061","2,861",15,200,0,"1,344","96,463.15","95,964.69",0.98,"97,762.30"
IA,02,"4,099","50,549.28",205,"1,063","2,741",0,3,23,43,2,"4,029",100,"1,512",0.7,2.1,"3,350",36,23,25,182,0,"3,892","3,466",279,354,0,"1,323","99,690.80","98,672.66",0.98,"100,430.15"
IA,03,"2,441","57,520.00",69,554,"1,700",0,3,16,13,4,"2,405",55,"1,077",0.8,2.3,"1,844",36,9,20,9,0,"2,412","2,187",77,177,0,"1,326","110,700.35","108,329.76",0.98,"111,296.76"
IA,04,"6,070","48,147.10",250,"1,626","4,059",0,12,81,29,10,"5,943",386,"2,232",0.5,1.8,"5,130",35,29,8,12,2,"6,048","5,381",170,519,0,"1,340","85,155.23","84,248.30",0.98,"86,134.01"
IA,17,1,"75,996.00",0,0,1,0,0,0,0,0,1,0,1,3,5,0,47,0,0,0,0,1,1,0,0,0,"2,061","223,730.00","223,730.00",0.99,"227,000.00"
ID,01,"4,579","50,629.24",125,"1,178","3,204",0,38,28,11,13,"4,494",202,"2,191",0.9,2.3,"3,649",38,43,"1,638",25,2,"2,914","4,319",65,195,1,"1,378","145,032.48","144,052.66",0.97,"142,134.09"
ID,02,"5,203","49,952.46",368,"1,215","3,560",0,43,25,6,8,"5,108",769,"3,133",1.2,2.8,"4,044",37,35,323,19,1,"4,860","4,809",206,188,0,"1,395","133,443.30","132,733.22",0.98,"134,170.33"
IL,01,12,"67,969.58",0,0,12,0,0,0,0,0,12,0,4,0.6,2.3,10,39,0,0,0,0,12,12,0,0,0,"1,465","154,862.25","154,862.25",1.00,"155,758.33"
IL,02,365,"56,155.64",8,113,243,0,1,1,11,0,352,14,134,0.8,2.3,275,38,0,9,3,0,353,343,15,7,0,"1,460","129,365.72","129,333.60",0.98,"131,015.84"
IL,03,2,"50,685.00",0,1,1,0,0,0,0,0,2,0,2,2.5,3.5,1,50,0,0,0,0,2,2,0,0,0,"1,559","125,981.00","125,981.00",1.00,"125,250.00"
IL,04,1,"34,192.00",0,0,1,0,0,0,0,0,1,0,1,0,2,0,,0,0,0,0,1,1,0,0,0,"1,551","45,900.00","45,900.00",1.02,"45,000.00"
IL,05,1,"52,361.00",0,0,1,0,0,0,0,0,1,0,0,0,1,1,24,0,0,0,0,1,1,0,0,0,"1,452","67,857.14","67,857.14",1.01,"67,000.00"
IL,06,4,"39,781.25",2,1,1,0,0,0,1,0,3,0,1,0.5,1.8,4,34,1,0,0,1,3,4,0,0,0,"1,365","116,995.75","115,806.39",1.02,"117,750.00"
IL,08,1,"42,660.00",0,0,1,0,0,0,0,0,1,0,0,0,1,1,24,0,0,0,0,1,1,0,0,0,"1,456","124,480.00","124,480.00",1.02,"122,000.00"
IL,11,16,"64,259.94",0,3,13,0,0,0,0,0,16,3,6,1.3,2.7,12,40,0,7,0,0,9,15,0,1,0,"1,413","162,898.13","162,898.13",1.01,"162,272.19"
IL,12,"3,813","49,117.71",195,827,"2,664",0,7,9,102,3,"3,693",45,"1,459",0.7,2.1,"2,971",37,13,42,15,4,"3,752","3,413",51,349,0,"1,374","93,485.44","91,705.13",0.97,"95,721.87"
IL,13,"4,064","46,439.08",344,"1,134","2,502",0,7,4,10,4,"4,043",39,"1,450",0.7,2.2,"3,130",37,22,21,2,1,"4,040","3,604",16,444,0,"1,342","82,348.57","81,706.49",0.98,"84,716.07"
IL,14,429,"60,576.37",20,125,284,0,1,1,5,0,422,49,185,0.9,2.5,362,37,2,86,1,0,342,347,70,12,0,"1,568","128,952.38","128,939.58",0.98,"132,525.34"
IL,15,"8,601","46,937.41",590,"2,399","5,404",0,18,14,73,7,"8,500",127,"3,289",0.7,2.2,"6,662",37,29,44,23,3,"8,531","7,643",102,856,0,"1,388","82,499.25","81,632.68",0.98,"84,529.60"
IL,16,"5,223","50,074.93",332,"1,591","3,180",0,9,17,42,3,"5,154",264,"1,846",0.8,2.2,"4,204",37,31,69,17,0,"5,137","4,615",166,442,0,"1,390","97,360.64","96,534.03",0.98,"99,260.68"
IL,17,"4,523","45,664.55",388,"1,296","2,730",0,7,15,53,2,"4,449",187,"1,506",0.8,2.3,"3,594",38,22,26,14,1,"4,482","4,217",46,260,0,"1,343","78,282.19","77,635.48",0.98,"80,049.43"
IL,18,"6,593","48,914.33",395,"1,778","4,282",0,11,12,54,1,"6,516",91,"2,559",0.8,2.3,"4,952",37,23,72,11,4,"6,506","5,878",131,584,0,"1,385","91,169.62","90,401.77",0.98,"93,223.78"
IL,,1,"42,867.00",0,0,1,0,0,0,0,0,1,0,1,2,4,1,42,0,0,0,0,1,1,0,0,0,944,"40,500.00","40,500.00",0.96,"42,000.00"
IN,01,358,"56,324.56",6,73,278,0,1,0,2,0,356,15,144,0.9,2.5,294,35,3,34,0,0,324,327,29,2,0,"1,369","141,383.12","141,343.81",0.99,"140,372.80"
IN,02,"2,665","49,391.85",176,675,"1,760",0,7,6,16,2,"2,633",91,"1,212",1,2.5,"2,158",37,24,91,2,16,"2,556","2,562",12,91,0,"1,490","104,262.83","103,420.35",0.99,"104,310.89"
IN,03,"5,757","48,588.73",382,"1,529","3,747",0,6,9,42,5,"5,684",174,"2,182",0.8,2.3,"4,651",37,48,470,2,0,"5,285","5,570",30,157,0,"1,490","101,092.06","100,455.53",0.99,"100,438.34"
IN,04,"5,904","50,829.98",353,"1,471","3,987",0,5,22,43,4,"5,827",152,"2,522",0.8,2.3,"4,678",38,33,588,8,1,"5,307","5,662",47,195,0,"1,564","109,351.11","108,770.17",0.99,"109,378.77"
IN,05,"2,060","50,411.23",149,559,"1,340",0,4,6,51,0,"2,000",42,867,0.8,2.3,"1,719",38,9,467,4,0,"1,589","2,011",15,34,0,"1,649","108,646.92","108,443.31",1.00,"108,644.77"
IN,06,"5,176","49,243.73",336,"1,368","3,396",0,4,8,29,5,"5,126",62,"2,085",0.8,2.3,"4,196",37,28,186,18,2,"4,970","4,930",38,208,0,"1,492","100,852.54","100,282.42",0.98,"101,828.87"
IN,07,7,"47,762.00",1,3,1,0,0,0,0,0,7,2,5,0.3,1.4,4,39,0,2,0,0,5,5,0,2,0,"1,851","141,857.40","121,969.57",0.99,"142,000.00"
IN,08,"5,009","48,116.33",322,"1,262","3,313",0,9,11,26,2,"4,946",98,"1,971",0.7,2.1,"3,889",36,27,58,5,2,"4,944","4,630",52,327,0,"1,439","94,584.04","93,569.75",0.99,"95,027.69"
IN,09,"6,003","49,743.14",318,"1,583","4,020",0,4,20,59,5,"5,902",92,"2,552",0.8,2.2,"4,618",38,35,402,6,1,"5,594","5,729",63,211,0,"1,407","112,955.43","112,366.13",0.99,"113,017.69"
IN,21,1,"56,753.00",0,0,1,0,0,0,0,0,1,0,0,0,1,1,,0,0,0,0,1,1,0,0,0,"1,612","78,571.00","78,571.00",1.02,"77,000.00"
KS,01,"4,983","49,391.23",327,"1,630","2,919",0,12,23,62,3,"4,870",440,"2,393",1,2.5,"3,872",36,15,28,2,0,"4,953","4,521",39,423,0,"1,303","88,905.96","87,955.48",0.98,"90,242.24"
KS,02,"3,871","50,157.55",334,"1,255","2,211",0,60,9,54,5,"3,746",113,"1,738",0.9,2.5,"3,019",38,15,84,0,0,"3,787","3,531",75,265,0,"1,422","91,835.75","90,958.02",0.98,"92,766.10"
KS,03,"1,190","61,858.39",68,378,742,0,10,6,22,6,"1,152",49,606,0.9,2.5,923,37,2,257,0,1,932,"1,088",91,11,0,"1,360","150,398.84","150,356.74",0.99,"147,843.97"
KS,04,"2,249","52,754.56",140,658,"1,426",0,12,11,27,1,"2,197",93,"1,028",1,2.6,"1,754",37,9,188,0,0,"2,061","2,161",14,74,0,"1,309","99,512.75","99,046.81",0.99,"100,313.41"
KY,01,"5,797","47,048.21",397,884,"4,417",0,5,8,157,4,"5,617",72,"2,671",0.6,1.7,"4,463",36,47,19,1,2,"5,775","5,237",22,538,1,"1,442","92,921.65","92,267.22",0.97,"94,545.42"
KY,02,"6,292","49,063.13",232,"1,128","4,807",0,5,20,180,3,"6,058",81,"2,576",0.6,1.9,"4,884",36,60,189,14,0,"6,089","5,645",62,585,0,"1,373","112,559.01","111,629.34",0.98,"113,100.48"
KY,03,38,"54,091.32",1,6,31,0,0,0,1,0,37,0,15,0.3,1.5,26,44,0,4,1,0,33,34,3,1,0,"1,341","140,806.16","141,237.64",0.97,"137,447.13"
KY,04,"5,208","55,708.69",101,"1,014","4,004",0,6,23,116,5,"5,043",91,"2,339",0.7,2.1,"3,984",37,41,436,164,0,"4,608","4,682",202,324,2,"1,425","129,705.04","128,624.67",0.99,"129,838.95"
KY,05,"4,403","46,666.07",167,616,"3,491",0,1,5,37,6,"4,325",47,"2,393",0.6,1.8,"3,547",37,88,20,8,1,"4,374","3,804",24,575,5,"1,431","96,734.70","95,516.21",0.95,"99,535.27"
KY,06,"5,468","51,592.30",154,"1,107","4,108",0,8,21,143,5,"5,272",93,"2,541",0.6,1.8,"4,106",37,32,381,4,2,"5,081","4,922",70,476,0,"1,426","119,132.74","118,187.43",0.98,"119,745.56"
LA,01,"5,418","53,281.68",41,335,"5,010",0,23,28,615,5,"4,761",135,"1,750",0.7,2.1,"4,670",36,16,500,35,0,"4,883","5,186",117,115,1,"1,570","146,876.92","146,586.61",0.99,"148,120.26"
LA,02,"2,413","52,192.36",23,203,"2,133",0,3,13,"1,074",3,"1,323",81,609,0.8,2.1,"2,142",37,5,200,11,1,"2,201","2,266",34,113,0,"1,534","142,462.12","141,257.84",0.99,"143,727.89"
LA,03,"6,630","53,906.05",51,473,"6,042",0,15,36,995,10,"5,603",100,"2,328",0.8,2.2,"5,692",35,17,342,5,2,"6,281","6,362",48,220,34,"1,531","136,172.86","135,521.06",0.99,"137,402.09"
LA,04,"4,790","51,587.04",68,401,"4,265",0,13,10,"1,100",10,"3,666",71,"2,008",0.9,2.3,"3,911",38,23,310,3,9,"4,468","4,547",29,214,37,"1,660","130,388.30","129,672.87",0.98,"133,406.67"
LA,05,"6,992","49,418.57",163,697,"6,021",0,14,20,"1,691",11,"5,267",95,"3,097",1.2,2.4,"5,728",39,19,29,1,0,"6,962","6,565",66,361,16,"1,634","118,474.48","117,540.88",0.98,"121,022.70"
LA,06,"9,884","55,307.91",45,567,"9,196",0,42,55,"1,786",25,"7,995",189,"2,975",0.7,2.1,"8,481",36,19,"1,175",37,3,"8,669","9,502",125,257,3,"1,560","157,003.55","156,533.15",1.00,"157,465.02"
LA,12,1,"49,920.00",0,0,1,0,0,0,0,0,1,0,1,0,2,1,,0,0,0,0,1,1,0,0,0,"1,543","134,999.00","134,999.00",1.00,"135,000.00"
MA,01,"1,165","67,772.60",48,278,815,0,6,6,15,2,"1,140",54,475,0.7,2.3,984,38,7,5,18,0,"1,142","1,112",21,32,0,"1,396","171,763.96","169,836.10",0.98,"171,318.86"
MA,02,"1,801","68,175.79",67,452,"1,247",0,4,11,26,0,"1,767",59,745,0.7,2.3,"1,526",37,8,9,92,0,"1,700","1,659",97,45,0,"1,362","178,435.06","176,632.75",0.98,"177,970.08"
MA,03,546,"71,402.63",28,99,408,0,1,9,13,2,524,26,237,0.8,2.4,473,37,6,5,29,0,512,498,36,12,0,"1,422","186,101.32","184,213.77",0.99,"187,416.20"
MA,04,620,"73,847.42",8,113,498,0,1,3,12,0,604,12,243,0.8,2.3,526,38,2,1,111,0,508,514,104,2,0,"1,304","225,978.17","226,046.25",1.00,"227,101.84"
MA,05,29,"79,762.48",0,5,24,0,0,0,2,0,27,2,13,0.9,2.3,24,38,0,0,6,0,23,23,6,0,0,"1,131","233,248.86","233,248.86",0.99,"236,379.31"
MA,06,41,"81,446.90",0,4,37,0,0,0,0,0,41,1,22,1,2.8,38,39,1,0,6,0,35,35,6,0,0,"1,295","254,423.88","254,689.52",0.99,"256,268.29"
MA,08,173,"78,364.27",1,27,145,0,1,0,8,0,165,3,69,0.8,2.4,148,37,1,1,34,0,138,146,27,0,0,"1,313","239,615.79","239,497.81",0.99,"239,615.08"
MA,09,"1,703","71,994.12",38,359,"1,246",0,2,8,38,2,"1,656",42,658,0.7,2.2,"1,419",38,9,10,120,0,"1,573","1,527",110,66,0,"1,272","228,734.39","224,189.27",0.99,"230,704.38"
MD,00,1,"27,456.00",0,1,0,0,0,0,0,0,1,0,0,0,1,0,,0,0,0,0,1,1,0,0,0,807,"70,380.00","70,380.00",1.01,"70,000.00"
MD,01,"5,647","63,082.67",251,"1,298","4,018",0,13,29,430,13,"5,169",121,"2,091",0.6,2.1,"4,756",36,16,807,90,1,"4,749","4,842",529,276,2,"1,482","179,331.91","178,252.50",0.97,"182,445.47"
MD,02,66,"75,246.23",1,12,51,0,3,8,17,1,43,2,23,0.5,1.9,53,36,0,13,39,0,14,13,51,2,0,"1,597","257,422.88","251,863.66",1.01,"255,456.19"
MD,03,4,"82,187.50",0,1,3,0,0,0,0,0,4,0,2,1.3,2.8,3,33,0,0,0,0,4,4,0,0,0,"1,450","228,145.50","228,145.50",0.96,"239,107.50"
MD,04,14,"84,192.29",0,1,13,0,0,0,4,0,10,0,3,1,2.3,10,41,0,2,7,0,5,5,9,0,0,"1,832","319,836.00","318,634.05",1.01,"318,264.21"
MD,05,"4,717","72,952.75",149,886,"3,630",0,20,53,991,15,"3,674",114,"1,402",0.7,2.1,"4,035",36,13,"1,884",156,0,"2,677","3,690",909,118,2,"1,523","232,629.68","231,567.38",0.98,"235,628.97"
MD,06,"2,169","62,292.56",111,541,"1,502",0,4,20,69,2,"2,079",31,911,0.7,2.3,"1,860",36,7,265,27,1,"1,876","1,862",221,86,0,"1,440","158,342.03","158,151.94",0.98,"160,087.84"
MD,07,59,"77,618.31",2,11,45,0,0,1,1,0,57,1,26,0.7,2.4,48,33,0,4,1,0,54,51,7,1,0,"1,410","262,444.53","259,944.83",0.99,"265,629.38"
MD,08,"1,457","75,192.90",47,233,"1,150",0,2,12,45,2,"1,401",37,611,0.7,2.3,"1,194",35,5,361,131,0,965,"1,023",404,30,0,"1,420","236,120.31","233,856.59",0.99,"237,422.32"
ME,01,"7,288","56,672.75",78,"2,077","4,981",0,17,51,34,7,"7,191",78,"2,752",0.6,2.2,"6,126",38,42,72,280,0,"6,936","6,670",270,348,0,"1,313","156,891.62","155,411.28",0.97,"159,586.67"
ME,02,"7,282","48,459.67",139,"2,132","4,705",0,22,23,18,6,"7,219",52,"2,881",0.7,2.1,"6,184",37,78,13,15,0,"7,254","6,339",43,900,1,"1,334","112,527.83","110,165.29",0.96,"116,358.81"
MI,01,"8,227","43,852.46",705,"3,546","3,759",0,87,17,19,8,"8,104",61,"3,178",0.7,2.1,"6,434",36,40,41,108,0,"8,078","7,181",122,924,0,"1,278","94,603.79","93,448.10",0.95,"93,850.60"
MI,02,"2,638","48,241.58",133,889,"1,588",0,7,10,15,1,"2,604",93,"1,227",0.8,2.4,"2,114",36,15,37,26,0,"2,575","2,476",16,146,0,"1,354","104,951.56","104,483.54",0.97,"105,761.99"
MI,03,"4,154","49,745.55",159,"1,233","2,720",0,8,10,33,2,"4,104",89,"1,796",0.8,2.3,"3,324",37,19,61,99,0,"3,994","3,949",63,142,0,"1,349","107,877.74","107,422.63",0.97,"107,911.01"
MI,04,"7,624","44,570.75",475,"2,563","4,460",0,19,11,30,4,"7,560",122,"2,948",0.7,2.2,"6,218",36,45,35,32,0,"7,557","6,907",65,652,0,"1,355","87,811.52","87,323.63",0.96,"88,742.27"
MI,05,"4,751","47,958.52",231,"1,448","3,045",0,6,13,94,3,"4,639",71,"1,779",0.8,2.2,"3,964",38,26,16,151,1,"4,583","4,461",132,158,0,"1,396","94,413.82","94,247.28",0.98,"94,835.70"
MI,06,"5,645","48,168.93",272,"1,676","3,567",0,17,23,86,6,"5,516",145,"2,380",0.8,2.3,"4,605",36,25,24,62,0,"5,559","5,221",51,373,0,"1,370","102,900.80","101,940.65",0.97,"103,217.88"
MI,07,"5,801","51,482.67",349,"1,700","3,665",0,7,14,32,5,"5,746",110,"2,345",0.8,2.3,"4,715",37,33,50,110,0,"5,641","5,505",78,218,0,"1,446","105,153.39","104,575.66",0.97,"106,365.56"
MI,08,"3,741","60,308.59",152,932,"2,612",0,13,10,27,2,"3,693",51,"1,704",0.9,2.4,"2,916",38,9,129,244,0,"3,368","3,506",139,96,0,"1,524","138,496.41","138,015.86",0.98,"139,228.42"
MI,09,2,"58,890.00",0,0,2,0,0,0,0,0,2,0,0,0.5,1.5,1,,0,0,0,0,2,2,0,0,0,495,"141,050.00","141,050.00",0.39,"54,500.00"
MI,10,"3,733","49,503.20",258,"1,194","2,243",0,8,4,10,2,"3,712",71,"1,591",0.9,2.4,"3,014",37,14,17,52,0,"3,664","3,510",46,177,0,"1,485","101,314.24","101,061.78",0.97,"102,827.97"
MI,11,318,"58,952.14",8,73,231,0,1,1,1,0,316,6,137,0.9,2.4,241,38,1,9,22,0,287,281,21,16,0,"1,430","141,220.45","140,473.85",0.98,"141,055.43"
MI,12,317,"64,827.75",10,62,244,0,0,0,49,1,268,8,148,0.9,2.5,258,39,1,46,22,0,249,307,6,4,0,"1,718","146,266.20","146,288.52",0.99,"147,039.91"
MI,13,3,"77,433.33",0,0,3,0,0,1,0,0,2,0,2,0.7,2.3,1,33,0,0,0,0,3,3,0,0,0,"1,359","149,967.67","149,967.67",0.95,"157,666.67"
MI,14,1,"56,200.00",0,0,1,0,0,0,0,0,1,0,0,2,3,0,,0,0,0,0,1,1,0,0,0,"1,958","158,000.00","158,000.00",0.94,"168,000.00"
MN,00,3,"58,180.07",0,0,3,0,0,0,0,0,3,0,2,2.3,4,0,,0,0,0,0,3,1,0,2,0,"1,095","158,414.67","158,414.67",0.97,"161,000.00"
MN,01,"6,614","50,443.48",683,"1,961","3,738",0,9,100,36,3,"6,447",334,"2,282",0.7,2.2,"5,022",36,25,49,35,1,"6,529","5,684",149,781,0,"1,293","110,907.42","109,046.01",0.96,"109,575.31"
MN,02,"1,477","58,117.39",136,382,934,0,2,8,7,0,"1,463",24,536,0.8,2.3,"1,126",37,6,66,34,0,"1,377","1,288",116,73,0,"1,312","145,970.15","144,646.44",0.97,"144,676.17"
MN,03,3,"61,861.33",0,0,3,0,0,0,1,0,2,0,2,0.7,2.3,2,31,0,0,0,0,3,2,0,1,0,"1,419","165,311.67","165,311.67",0.99,"167,333.33"
MN,05,1,,0,0,0,,0,0,0,0,1,0,0,2,3,0,,0,0,0,0,1,0,0,1,0,,,"92,900.00",,
MN,06,"4,807","61,680.09",409,"1,148","3,120",0,14,19,27,6,"4,752",69,"2,012",0.8,2.4,"3,607",36,13,281,24,1,"4,501","4,283",277,247,0,"1,197","155,428.89","153,967.28",0.95,"149,706.49"
MN,07,"8,759","48,294.64",905,"2,523","5,106",0,64,46,19,16,"8,611",311,"3,118",0.7,2.2,"6,967",36,40,45,21,0,"8,693","7,559",145,"1,055",0,"1,287","102,639.34","101,312.68",0.97,"102,137.03"
MN,08,"5,980","51,540.54",718,"1,668","3,478",0,29,19,23,8,"5,914",62,"2,129",0.8,2.3,"4,840",37,46,111,5,0,"5,864","5,494",145,341,0,"1,222","120,457.13","119,562.95",0.97,"119,953.66"
MN,10,1,"28,548.00",0,1,0,0,0,0,0,0,1,0,1,2,4,1,,0,0,0,0,1,1,0,0,0,"1,155","62,000.00","62,000.00",0.87,"71,000.00"
MO,01,1,"31,800.00",0,1,0,0,0,0,0,0,1,0,1,3,5,0,43,0,1,0,0,0,1,0,0,0,"1,014","92,343.00","92,343.00",0.94,"98,459.00"
MO,02,27,"58,019.02",0,4,21,0,0,0,0,0,26,1,13,0.4,1.9,22,40,1,10,3,0,14,20,4,3,0,"1,552","151,807.12","145,524.93",0.97,"144,095.84"
MO,03,"6,286","51,986.04",258,"1,681","4,263",0,15,16,66,8,"6,196",93,"2,637",0.8,2.3,"4,914",37,41,"1,336",60,0,"4,890","5,918",195,173,1,"1,353","122,292.56","121,543.83",0.98,"122,363.36"
MO,04,"6,885","47,689.92",269,"1,558","4,858",0,27,23,85,8,"6,746",209,"3,199",0.8,2.4,"5,301",37,39,191,7,0,"6,687","6,364",66,455,1,"1,370","100,789.83","99,390.15",0.98,"101,363.19"
MO,05,"1,790","51,593.34",72,322,"1,319",0,3,9,26,3,"1,752",75,727,0.8,2.3,"1,428",37,15,59,1,0,"1,730","1,597",29,164,0,"1,315","103,571.74","101,436.70",0.98,"104,415.20"
MO,06,"4,051","51,160.82",172,993,"2,768",0,7,10,44,3,"3,985",75,"1,837",0.8,2.4,"3,059",37,22,238,3,0,"3,810","3,656",119,276,0,"1,363","103,647.80","101,984.25",0.98,"104,315.65"
MO,07,"7,935","48,415.56",304,"1,680","5,880",0,26,37,48,20,"7,791",330,"4,150",0.9,2.5,"6,117",38,58,380,19,4,"7,532","7,446",108,381,0,"1,423","103,893.17","103,532.29",0.98,"104,053.44"
MO,08,"8,153","46,689.88",291,"1,702","6,049",0,14,13,166,5,"7,961",84,"3,810",0.8,2.4,"6,452",38,87,319,4,4,"7,826","7,669",79,405,0,"1,400","96,831.25","96,199.19",0.97,"98,421.21"
MS,01,"7,295","49,112.05",142,"1,028","6,031",0,14,27,"1,580",7,"5,661",133,"3,392",0.8,2.2,"5,658",38,37,425,6,0,"6,864","6,723",55,517,0,"1,630","112,207.33","111,535.31",0.97,"115,031.76"
MS,02,"3,895","48,206.96",71,598,"3,193",0,5,10,"1,929",3,"1,948",25,"1,501",0.8,2.2,"3,254",40,27,97,1,0,"3,797","3,558",190,147,0,"1,612","110,843.98","110,533.27",0.97,"113,774.51"
MS,03,"4,639","51,087.93",75,635,"3,894",0,6,18,"1,324",2,"3,292",57,"1,951",0.8,2.2,"3,761",38,29,734,8,2,"3,895","4,317",154,168,0,"1,602","129,692.74","129,271.87",0.98,"131,969.94"
MS,04,"4,535","52,710.10",53,457,"4,018",0,10,27,736,11,"3,759",115,"2,061",0.9,2.3,"3,801",38,27,200,2,4,"4,329","4,376",89,70,0,"1,615","121,991.23","122,027.88",0.97,"124,787.61"
MT,00,"8,133","51,959.12",276,"1,652","6,017",0,118,32,17,6,"7,970",133,"4,012",0.8,2.3,"6,262",38,67,498,213,8,"7,414","7,014",436,683,2,"1,305","152,315.31","150,347.29",0.96,"154,581.62"
MT,04,1,"71,760.00",0,0,1,0,0,0,0,0,1,0,0,0,1,0,,0,0,0,0,1,1,0,0,0,"1,647","105,000.00","105,000.00",0.97,"112,000.00"
NC,00,1,"53,244.00",0,0,1,0,0,0,0,0,1,0,1,0,2,1,38,0,0,0,0,1,1,0,0,0,"1,323","105,000.00","105,000.00",1.01,"104,000.00"
NC,01,"1,594","49,573.03",57,283,"1,215",0,10,9,455,1,"1,122",39,628,0.7,2.1,"1,329",39,14,162,4,0,"1,428","1,477",45,72,2,"1,551","118,099.61","116,841.77",0.97,"120,807.43"
NC,02,"4,285","52,482.77",122,825,"3,250",0,22,37,685,17,"3,540",315,"1,884",0.8,2.2,"3,527",38,22,750,8,0,"3,527","4,027",135,123,3,"1,580","136,109.49","134,763.53",0.98,"138,109.63"
NC,03,"3,792","51,800.29",64,529,"3,137",0,8,21,495,9,"3,271",101,"1,639",0.7,2,"3,137",38,20,604,18,3,"3,167","3,384",250,158,10,"1,507","137,327.76","136,295.17",0.97,"139,852.08"
NC,04,790,"56,607.27",26,160,590,0,4,9,265,0,516,45,332,0.8,2.2,660,39,1,318,1,0,471,721,49,20,1,"1,716","154,255.28","152,902.44",0.99,"154,810.15"
NC,05,"3,116","49,850.98",88,692,"2,290",0,7,22,153,6,"2,929",146,"1,468",0.7,2.2,"2,521",38,11,212,12,2,"2,890","2,886",82,148,8,"1,465","124,723.21","124,098.56",0.97,"127,479.91"
NC,06,"3,754","50,478.39",130,804,"2,761",0,13,15,461,6,"3,266",144,"1,660",0.8,2.3,"3,084",38,19,584,3,0,"3,167","3,558",100,96,10,"1,551","125,429.33","124,845.60",0.97,"128,168.77"
NC,07,"6,893","55,412.52",177,"1,277","5,281",0,40,30,811,27,"5,994",313,"2,977",0.7,2.1,"5,316",39,35,"2,434",40,0,"4,419","6,362",277,254,14,"1,582","147,513.60","146,011.27",0.98,"148,297.75"
NC,08,"3,129","50,659.14",107,705,"2,283",0,83,19,333,8,"2,695",114,"1,349",0.8,2.3,"2,617",37,26,539,2,0,"2,588","2,981",48,100,3,"1,609","123,673.61","123,199.03",0.98,"125,708.18"
NC,09,"1,952","54,846.85",29,401,"1,503",0,8,27,240,4,"1,680",123,806,0.8,2.3,"1,615",38,7,841,14,0,"1,097","1,814",102,36,1,"1,839","154,978.34","154,345.22",0.99,"155,632.65"
NC,10,"6,425","48,943.07",233,"1,785","4,336",0,38,101,476,8,"5,805",268,"2,666",0.7,2.2,"5,502",38,32,690,22,2,"5,711","6,015",182,228,5,"1,470","117,881.52","117,372.14",0.98,"120,146.01"
NC,11,"5,058","49,432.10",183,"1,004","3,832",0,23,66,97,8,"4,862",187,"2,418",0.7,2.2,"4,216",39,33,359,109,0,"4,590","4,670",191,197,13,"1,378","130,155.15","129,606.87",0.96,"134,416.16"
NC,12,648,"53,744.41",15,101,519,0,0,4,186,4,460,30,265,0.8,2.2,546,38,3,258,0,0,390,612,12,24,2,"1,806","139,352.02","138,462.76",0.99,"140,270.81"
NC,13,"5,586","60,322.98",155,984,"4,338",0,14,38,"1,109",20,"4,421",312,"2,678",0.8,2.3,"4,314",38,17,"2,143",7,0,"3,436","5,145",287,154,5,"1,742","161,995.77","160,615.30",0.99,"162,298.67"
ND,00,"2,794","53,570.05",118,703,"1,883",0,27,12,10,2,"2,745",31,"1,077",0.7,2.1,"2,304",35,12,15,17,0,"2,762","2,354",158,282,0,"1,265","120,159.27","117,598.66",0.98,"121,898.53"
ND,09,1,"36,480.00",0,1,0,0,0,0,0,0,1,0,1,0,3,0,53,1,0,0,0,1,1,0,0,0,840,"71,938.00","71,938.00",1.02,"70,500.00"
NE,01,"3,120","52,060.05",92,641,"2,290",0,13,10,10,2,"3,065",374,"1,358",0.8,2.1,"2,575",36,14,44,0,0,"3,076","2,790",25,305,0,"1,291","100,027.27","98,662.04",0.97,"103,276.61"
NE,02,137,"61,693.33",5,18,113,0,0,0,0,0,137,4,74,0.9,2.4,102,35,0,14,0,0,123,132,4,1,0,"1,355","148,146.82","147,810.77",1.00,"148,092.65"
NE,03,"5,329","48,337.79",167,"1,224","3,682",0,30,59,13,3,"5,175",517,"2,478",0.8,2.2,"4,459",36,24,8,1,1,"5,319","4,513",28,788,0,"1,311","81,092.30","79,408.28",0.98,"82,842.25"
NH,01,"2,624","67,930.51",2,57,"2,547",0,5,10,15,4,"2,594",40,"1,115",0.5,1.7,"2,161",37,8,48,266,3,"2,307","2,342",230,52,0,"1,410","179,152.13","178,521.19",0.98,"182,073.53"
NH,02,"3,431","63,683.18",4,139,"3,239",0,7,13,19,4,"3,394",22,"1,584",0.5,1.7,"2,894",37,17,28,137,1,"3,265","3,149",132,150,0,"1,402","155,445.93","154,216.45",0.98,"158,532.73"
NJ,01,589,"66,893.68",9,103,454,0,0,3,64,0,528,37,168,0.6,1.9,507,37,2,99,58,0,432,449,116,24,0,"1,563","167,646.31","164,196.01",0.99,"168,152.59"
NJ,02,"3,257","63,909.08",50,611,"2,549",0,5,38,281,7,"2,931",252,"1,122",0.6,1.9,"2,846",38,16,307,341,1,"2,608","2,712",466,79,0,"1,436","165,892.39","164,766.80",0.98,"168,148.74"
NJ,03,"2,105","66,458.10",65,509,"1,507",0,6,20,214,6,"1,865",126,753,0.6,2,"1,797",39,7,204,201,1,"1,699","1,673",402,30,0,"1,415","177,683.34","176,975.64",0.99,"179,509.52"
NJ,04,301,"69,808.86",10,58,227,0,2,3,19,2,276,27,119,0.6,2,247,41,2,33,43,0,225,231,63,7,0,"1,410","207,854.04","205,786.85",0.98,"210,430.93"
NJ,05,590,"70,540.87",14,125,441,0,2,5,20,0,562,26,265,0.7,2.1,495,39,3,64,67,0,459,476,95,19,0,"1,418","186,320.61","185,100.33",0.98,"188,573.52"
NJ,06,5,"77,339.20",0,1,4,0,0,0,0,0,5,0,2,1.2,2.4,4,45,0,0,2,0,3,3,2,0,0,"1,599","265,236.80","265,236.80",0.99,"268,800.00"
NJ,07,359,"73,481.41",5,55,297,0,0,9,17,2,331,25,151,0.7,2.1,295,39,0,14,74,0,271,265,90,4,0,"1,374","210,846.92","209,872.53",0.98,"213,412.74"
NJ,11,204,"75,647.39",3,30,165,0,1,2,10,0,190,18,84,0.6,2,171,37,0,12,17,0,175,177,20,7,0,"1,230","193,060.92","191,254.40",0.98,"194,229.06"
NJ,12,146,"75,407.63",1,17,127,0,0,3,23,0,121,11,56,0.7,2.1,128,40,1,25,56,0,65,67,78,1,0,"1,337","201,983.86","201,372.31",0.99,"203,827.19"
NM,01,167,"49,315.49",14,52,86,0,6,6,2,0,151,81,70,0.8,2.1,123,39,0,79,0,0,88,133,8,26,0,"1,510","140,226.89","135,134.32",0.98,"140,112.65"
NM,02,"1,374","50,514.15",57,308,944,0,32,37,9,2,"1,267",696,588,0.9,2.4,"1,132",38,9,224,3,3,"1,144","1,142",90,142,13,"1,549","124,367.95","121,903.79",0.98,"126,485.15"
NM,03,"1,370","52,199.32",26,162,"1,108",0,120,19,9,6,"1,188",468,578,1,2.4,"1,016",39,7,41,5,0,"1,324",991,114,265,2,"1,464","141,353.54","137,840.45",0.96,"144,970.60"
NV,02,"3,145","61,282.07",158,679,"2,272",0,37,31,17,17,"3,061",424,"1,490",0.9,2.5,"2,647",39,16,797,6,1,"2,341","3,026",72,47,15,"1,528","172,731.50","172,178.61",0.96,"167,341.46"
NV,03,54,"55,391.76",1,12,38,0,0,1,1,0,52,3,30,1,2.7,45,47,1,9,2,0,43,44,5,5,0,"1,534","164,121.55","160,151.69",1.00,"164,352.94"
NV,04,586,"54,914.92",43,151,387,0,3,4,4,3,575,88,320,1.1,2.7,452,42,6,83,5,1,497,536,42,8,0,"1,584","139,123.94","138,895.97",0.95,"134,650.99"
NY,01,19,"89,825.11",0,3,15,0,0,0,2,0,16,1,7,0.4,2.1,17,35,0,0,1,0,18,17,1,1,0,"1,371","298,388.72","285,610.37",0.98,"309,638.89"
NY,05,1,"34,296.00",0,1,0,0,0,0,0,0,1,0,0,0,1,1,,0,0,0,0,1,1,0,0,0,952,"101,020.00","101,020.00",0.92,"110,000.00"
NY,17,2,"86,976.00",0,0,2,0,0,0,0,0,2,1,1,1,2.5,2,36,0,0,0,0,2,2,0,0,0,"1,274","269,936.00","269,936.00",1.02,"263,500.00"
NY,18,394,"74,251.82",1,58,317,0,0,5,17,0,370,37,179,0.9,2.4,337,38,0,11,24,0,359,338,36,20,0,"1,374","190,154.19","186,669.33",0.98,"191,363.49"
NY,19,"2,005","59,120.93",34,451,"1,436",0,6,8,38,2,"1,944",62,829,0.8,2.3,"1,753",38,7,20,5,0,"1,980","1,807",62,136,0,"1,448","136,807.26","134,150.11",0.98,"139,718.36"
NY,20,691,"64,822.82",4,134,539,0,1,4,10,0,676,17,291,0.8,2.3,584,36,0,47,1,0,643,629,43,19,0,"1,467","159,229.69","157,594.15",0.99,"158,434.61"
NY,21,"2,779","54,592.93",42,678,"1,976",0,9,13,13,2,"2,736",18,"1,046",0.7,2.2,"2,408",36,12,13,1,0,"2,765","2,599",43,137,2,"1,418","119,641.63","117,841.91",0.98,"120,458.35"
NY,22,"1,619","51,887.05",22,497,"1,048",0,3,8,7,1,"1,599",12,626,0.9,2.4,"1,402",35,7,3,0,0,"1,616","1,548",8,63,1,"1,456","97,669.57","96,478.16",0.98,"98,775.29"
NY,23,"2,521","49,380.12",32,831,"1,568",0,11,10,20,1,"2,478",30,989,0.8,2.2,"2,177",36,12,4,0,0,"2,517","2,297",5,219,0,"1,520","86,562.88","85,387.12",0.99,"87,088.98"
NY,24,"1,613","52,075.75",36,536,995,0,2,3,20,1,"1,585",26,592,0.8,2.3,"1,331",36,9,10,8,0,"1,595","1,465",30,118,1,"1,481","98,369.43","97,368.73",0.99,"98,902.46"
NY,25,389,"58,407.88",3,99,277,0,0,2,5,1,382,9,179,0.9,2.4,310,36,2,8,10,0,371,354,21,14,0,"1,482","116,909.88","116,084.62",1.00,"116,422.96"
NY,26,66,"55,147.59",1,20,45,0,1,1,1,0,63,0,21,1,2.5,56,38,0,0,0,0,66,63,3,0,0,"1,449","127,907.23","127,950.32",1.01,"126,939.39"
NY,27,"2,346","53,012.29",56,694,"1,524",0,5,11,16,1,"2,314",32,869,0.7,2.2,"1,980",36,14,28,5,0,"2,313","2,183",28,135,0,"1,504","102,612.62","101,501.70",0.99,"103,146.79"
OH,01,"1,069","59,480.35",62,305,677,0,2,2,14,0,"1,054",14,515,0.9,2.4,819,38,3,193,62,0,814,944,74,51,0,"1,508","140,941.04","139,611.88",0.99,"140,734.09"
OH,02,"1,548","51,232.73",144,487,895,0,1,3,9,3,"1,534",7,718,0.9,2.4,"1,297",38,7,92,37,2,"1,417","1,430",46,72,0,"1,428","107,298.49","106,652.67",0.98,"108,182.69"
OH,03,6,"58,343.33",1,2,3,0,0,0,0,0,6,1,3,1.8,3.7,5,38,0,3,0,0,3,4,1,1,0,"1,713","132,235.87","132,235.87",1.01,"131,250.00"
OH,04,"5,752","50,088.51",504,"1,987","3,169",0,9,9,58,4,"5,675",109,"2,277",0.9,2.4,"4,748",37,28,97,30,0,"5,625","5,299",48,405,0,"1,470","99,562.66","98,998.84",0.98,"100,293.57"
OH,05,"3,890","47,991.44",408,"1,395","2,035",0,6,10,19,4,"3,854",135,"1,573",0.9,2.4,"3,226",37,18,9,11,2,"3,868","3,638",27,225,0,"1,494","90,878.79","90,442.25",0.97,"92,042.22"
OH,06,"4,711","46,322.20",405,"1,399","2,812",0,11,6,45,2,"4,655",40,"1,968",0.8,2.3,"3,895",38,25,9,15,0,"4,687","4,261",26,424,0,"1,355","88,559.20","87,923.01",0.98,"89,409.52"
OH,07,"2,950","49,175.78",214,967,"1,697",0,4,6,16,1,"2,928",45,"1,280",0.8,2.4,"2,428",38,7,85,2,0,"2,863","2,764",6,180,0,"1,399","96,963.67","96,143.41",0.98,"97,983.65"
OH,08,"3,733","52,145.08",320,"1,219","2,138",0,7,12,41,3,"3,670",45,"1,595",0.9,2.4,"3,042",37,20,175,17,0,"3,541","3,549",21,163,0,"1,451","110,157.91","109,656.33",0.98,"110,320.17"
OH,09,371,"51,829.70",20,127,221,0,1,1,7,0,363,11,140,0.8,2.4,323,38,2,4,10,0,357,348,12,11,0,"1,414","109,108.87","108,755.51",0.97,"107,655.05"
OH,10,716,"50,143.94",54,231,414,0,1,2,10,2,702,4,328,0.8,2.3,581,37,5,23,2,0,691,665,3,48,0,"1,420","103,652.33","102,783.66",0.98,"104,382.37"
OH,11,1,,0,0,0,,0,0,0,0,1,0,0,0,0,0,,0,0,0,0,1,0,0,1,0,,,"68,500.00",,
OH,12,"1,906","55,546.16",116,590,"1,166",0,5,5,39,1,"1,857",27,937,1,2.6,"1,570",38,10,164,19,0,"1,723","1,807",24,75,0,"1,509","124,965.80","123,929.62",0.98,"124,990.88"
OH,13,585,"51,647.78",40,171,372,0,3,2,10,0,572,6,211,0.8,2.3,511,38,2,25,26,0,534,536,39,10,0,"1,382","103,205.14","103,010.57",0.98,"103,530.36"
OH,14,"1,606","51,362.09",112,557,911,0,1,2,12,1,"1,592",26,688,0.8,2.4,"1,319",40,10,23,36,0,"1,547","1,517",31,58,0,"1,421","112,310.42","111,728.42",0.97,"113,059.69"
OH,15,"2,705","53,244.42",186,869,"1,582",0,3,7,28,2,"2,668",29,"1,187",0.8,2.4,"2,201",38,9,182,60,0,"2,463","2,541",19,145,0,"1,485","115,951.41","114,910.36",0.98,"116,482.57"
OH,16,"1,072","51,127.68",90,356,622,0,0,2,7,0,"1,063",9,510,0.8,2.5,896,38,3,8,4,0,"1,060","1,044",8,20,0,"1,358","111,076.41","110,937.70",0.97,"112,951.78"
OK,01,"4,041","52,639.58",65,756,"3,169",0,248,96,125,10,"3,586",171,"1,981",0.9,2.4,"3,195",38,24,"1,372",1,3,"2,665","3,828",12,201,0,"1,540","128,930.62","128,226.07",0.99,"129,347.98"
OK,02,"6,412","46,929.74",198,"1,034","5,113",0,"1,005",35,87,25,"5,334",179,"3,275",0.9,2.4,"5,018",39,83,167,1,3,"6,241","5,826",107,479,0,"1,495","97,316.77","96,917.97",0.97,"100,125.40"
OK,03,"4,246","50,674.60",92,779,"3,312",0,176,17,55,7,"4,012",296,"2,152",0.9,2.4,"3,296",37,44,210,0,0,"4,036","3,753",226,267,0,"1,507","100,568.47","99,793.76",0.98,"102,011.53"
OK,04,"2,581","50,449.18",53,397,"2,096",0,129,6,35,9,"2,409",128,"1,298",0.9,2.3,"2,054",37,13,116,1,1,"2,463","2,451",41,89,0,"1,511","104,778.60","104,199.69",0.99,"106,230.94"
OK,05,"1,104","49,282.75",34,232,829,0,68,5,20,2,"1,015",30,502,0.9,2.2,870,38,11,71,0,0,"1,033","1,075",11,18,0,"1,477","103,602.99","103,240.03",0.98,"105,624.47"
OK,07,1,"36,414.00",0,0,1,0,0,0,0,0,1,0,0,0,0,1,,0,0,0,0,1,1,0,0,0,"1,024","78,540.00","78,540.00",1.02,"77,000.00"
OR,01,"2,808","62,070.12",49,418,"2,309",0,14,24,19,15,"2,739",226,"1,521",0.9,2.5,"2,341",39,11,419,43,1,"2,345","2,591",128,89,0,"1,396","189,102.89","188,183.58",0.98,"185,717.46"
OR,02,"6,052","50,879.87",240,"1,277","4,475",0,101,47,15,27,"5,869",760,"3,032",0.8,2.3,"5,144",39,70,283,74,2,"5,693","5,552",175,325,2,"1,352","138,194.75","137,569.69",0.98,"137,401.36"
OR,03,756,"65,761.26",3,82,667,0,4,6,2,4,742,24,414,1,2.6,626,38,2,149,9,1,597,688,64,4,0,"1,475","211,369.36","211,285.51",0.98,"205,568.84"
OR,04,"3,802","53,793.85",86,603,"3,092",0,44,25,11,12,"3,726",148,"1,971",0.9,2.5,"3,253",39,50,98,2,0,"3,702","3,675",20,107,0,"1,326","153,193.62","152,873.14",0.98,"151,455.28"
OR,05,"2,657","58,869.18",49,338,"2,249",0,16,18,12,16,"2,610",243,"1,456",1,2.6,"2,235",39,13,322,16,0,"2,319","2,501",86,70,5,"1,387","178,646.32","178,079.23",0.97,"176,764.43"
PA,01,2,"85,740.00",0,0,2,0,0,0,0,0,2,0,2,2,4,1,35,0,0,0,0,2,2,0,0,0,"2,886","211,981.50","211,981.50",1.01,"209,792.50"
PA,02,1,"84,742.00",0,0,1,0,0,0,1,0,0,0,1,0,2,1,35,0,0,0,0,1,1,0,0,0,"1,134","257,142.00","257,142.00",1.02,"252,000.00"
PA,03,"1,560","51,655.49",51,365,"1,129",0,1,2,8,1,"1,548",7,680,0.8,2.2,"1,338",37,8,24,5,0,"1,531","1,438",36,86,0,"1,399","101,787.43","101,350.70",0.99,"102,357.24"
PA,04,"3,872","60,529.49",77,979,"2,793",0,5,22,53,5,"3,793",113,"1,500",0.7,2.3,"3,303",36,9,591,162,0,"3,119","3,011",819,42,0,"1,425","150,011.28","149,651.57",0.99,"149,920.83"
PA,05,"3,604","49,498.52",192,"1,148","2,232",0,3,7,14,2,"3,585",28,"1,417",0.7,2.1,"3,176",36,40,57,4,1,"3,542","3,337",54,213,0,"1,461","97,806.96","97,448.58",0.98,"99,560.43"
PA,06,"1,982","64,243.95",24,439,"1,499",0,3,14,45,0,"1,925",53,800,0.8,2.3,"1,634",37,3,298,69,0,"1,615","1,239",714,29,0,"1,495","166,270.65","165,467.15",0.99,"164,933.57"
PA,07,553,"66,794.51",3,106,434,0,1,0,6,1,545,20,256,0.8,2.4,455,37,1,74,31,0,448,437,103,13,0,"1,564","187,641.00","186,135.05",0.99,"187,702.12"
PA,08,"1,103","70,968.63",10,178,896,0,1,13,14,1,"1,075",42,530,0.7,2.3,929,37,3,227,67,0,809,531,545,27,0,"1,553","197,966.10","196,233.66",0.99,"197,177.64"
PA,09,"4,362","51,440.54",199,"1,191","2,948",0,7,5,50,4,"4,307",72,"1,739",0.7,2.2,"3,810",37,27,146,6,0,"4,210","3,969",248,145,0,"1,438","113,839.52","113,534.07",0.99,"114,056.63"
PA,10,"2,915","52,505.80",78,783,"1,968",0,4,7,40,3,"2,861",74,"1,186",0.7,2.2,"2,550",37,28,318,9,0,"2,588","2,556",70,289,0,"1,433","113,158.25","111,757.64",0.98,"115,318.43"
PA,11,"2,541","55,442.90",97,645,"1,756",0,4,4,21,1,"2,515",43,953,0.7,2.2,"2,215",36,17,168,17,0,"2,356","2,187",225,129,0,"1,434","121,884.81","120,868.48",0.98,"123,527.22"
PA,12,"1,920","50,968.43",85,489,"1,335",0,2,2,15,0,"1,901",10,715,0.7,2.1,"1,688",37,11,17,3,0,"1,900","1,839",29,52,0,"1,365","96,795.19","96,556.40",0.99,"97,376.20"
PA,13,5,"62,653.00",0,0,5,0,0,0,0,0,5,0,1,0,1,3,38,0,0,3,0,2,1,4,0,0,"1,557","169,828.80","169,828.80",0.92,"183,400.00"
PA,14,13,"39,744.92",1,4,7,0,0,0,0,0,13,0,4,0.3,1.5,10,42,1,0,0,0,13,10,0,3,0,"1,288","85,338.83","80,658.92",0.99,"85,591.67"
PA,15,"1,644","61,058.29",16,360,"1,254",0,1,12,27,2,"1,604",57,645,0.8,2.3,"1,354",37,1,134,105,0,"1,405","1,147",470,27,0,"1,502","160,296.38","159,640.41",0.99,"160,834.74"
PA,16,"3,300","61,234.66",57,826,"2,342",0,4,20,50,6,"3,227",142,"1,574",0.8,2.4,"2,761",36,10,431,41,0,"2,828","2,223",960,117,0,"1,424","160,758.39","159,028.34",0.99,"160,432.50"
PA,17,"1,825","54,875.72",64,419,"1,282",0,1,10,71,2,"1,730",83,675,0.7,2.1,"1,561",38,16,256,4,0,"1,565","1,352",318,155,0,"1,466","112,817.32","111,502.56",0.98,"113,727.76"
PA,18,"1,693","51,737.98",72,421,"1,193",0,1,2,9,0,"1,681",13,580,0.7,2.1,"1,466",38,6,31,3,0,"1,659","1,625",53,15,0,"1,348","107,505.80","107,396.53",0.99,"108,789.74"
PR,01,1,"44,628.00",0,0,1,0,0,0,0,0,1,1,0,0,1,1,35,0,0,0,0,1,1,0,0,0,"1,461","177,582.00","177,582.00",0.93,"190,000.00"
PR,02,2,"28,884.00",0,1,1,0,0,0,0,0,2,2,0,0,1,2,56,0,0,1,0,1,1,1,0,0,805,"87,385.50","87,385.50",0.99,"87,500.00"
PR,05,1,"20,100.00",0,0,1,1,0,0,0,0,1,1,1,1,3,1,40,0,0,0,0,1,1,0,0,0,"1,044","93,150.00","93,150.00",1.01,"92,000.00"
PR,98,"21,612","34,525.67",58,"1,316","19,565",0,49,104,330,5,"20,404","21,198","7,225",0.7,2,"19,128",40,96,"2,596",510,7,"18,499","19,008",686,"1,918",21,"1,078","113,594.67","112,100.70",0.95,"119,474.88"
PR,,"3,401","34,659.21",11,128,"2,882",0,7,77,18,0,"3,004","3,244","1,296",0.6,1.9,"2,751",41,6,184,137,1,"3,079","2,387",180,834,0,"1,061","112,119.73","107,055.22",0.95,"118,414.19"
RI,01,297,"67,951.29",6,52,235,0,0,2,2,0,293,6,124,0.8,2.3,258,38,2,1,34,0,262,269,24,4,0,"1,299","204,502.81","203,195.54",0.99,"204,395.19"
RI,02,663,"66,311.55",15,152,477,0,2,4,5,1,651,9,238,0.7,2.1,549,38,1,8,31,0,624,613,28,22,0,"1,291","202,427.29","199,509.78",0.99,"205,021.49"
SC,01,"2,047","56,521.45",22,399,"1,582",0,7,16,345,3,"1,677",96,927,0.8,2.3,"1,659",38,8,"1,194",8,3,842,"1,893",59,95,0,"1,813","164,278.92","162,374.68",0.99,"165,244.71"
SC,02,"3,926","51,769.15",67,"1,014","2,801",0,6,24,682,3,"3,227",115,"1,550",0.8,2.1,"3,098",37,16,"1,893",0,0,"2,033","3,686",106,134,11,"1,795","137,033.72","136,407.22",0.99,"137,955.77"
SC,03,"4,808","50,842.58",115,"1,064","3,551",0,6,13,660,7,"4,125",142,"2,079",0.7,2.2,"4,007",37,38,828,2,0,"3,978","4,629",39,140,12,"1,623","122,771.72","121,901.93",0.98,"124,777.71"
SC,04,"4,741","51,579.52",90,971,"3,622",0,5,56,732,12,"3,925",143,"1,980",0.7,2.2,"3,902",37,20,"1,608",1,0,"3,132","4,516",37,188,2,"1,656","130,218.25","129,626.28",0.99,"130,859.84"
SC,05,"5,408","51,114.41",104,"1,208","3,996",0,12,46,952,5,"4,391",139,"2,137",0.7,2.1,"4,444",38,38,"1,250",28,0,"4,130","4,905",282,221,2,"1,670","129,902.87","128,787.92",0.98,"131,992.73"
SC,06,"1,294","49,764.25",26,308,934,0,5,3,427,0,857,36,480,0.7,2.1,"1,080",40,8,237,7,1,"1,049","1,192",39,63,2,"1,721","127,704.64","126,506.17",0.97,"131,684.76"
SC,07,"2,195","48,428.09",47,464,"1,645",0,6,3,493,4,"1,692",42,891,0.7,2.1,"1,834",40,25,401,11,0,"1,783","2,079",27,89,1,"1,561","119,007.14","117,929.24",0.98,"121,243.93"
SD,00,"9,903","50,118.42",230,"2,559","6,819",0,135,51,41,13,"9,674",160,"4,006",0.8,2.2,"7,960",36,57,215,26,4,"9,658","8,659",174,"1,070",1,"1,228","114,347.10","112,347.76",0.98,"115,846.22"
SD,01,1,"51,146.00",0,0,1,0,0,0,0,0,1,0,0,0,0,1,,0,0,0,0,1,0,0,1,0,960,"103,400.00","103,400.00",0.99,"104,000.00"
SD,04,2,"53,816.00",0,1,1,0,0,0,0,0,2,0,2,0,2.5,2,35,0,0,0,0,2,2,0,0,0,"1,238","95,800.00","95,800.00",0.97,"98,500.00"
SD,07,1,"35,777.00",0,1,0,0,0,0,0,0,1,0,0,3,5,1,60,0,0,0,0,1,1,0,0,0,"1,276","63,950.00","63,950.00",0.98,"65,000.00"
TN,01,"4,158","49,675.38",64,733,"3,319",0,7,13,45,8,"4,083",55,"2,104",0.6,2,"3,427",38,39,91,8,2,"4,057","4,015",52,91,1,"1,385","118,589.43","117,947.34",0.98,"120,612.65"
TN,02,"4,135","51,572.25",66,841,"3,189",0,9,10,72,7,"4,042",105,"2,031",0.6,2,"3,328",37,27,240,20,0,"3,875","3,932",116,87,1,"1,422","130,932.86","130,256.73",0.99,"132,286.46"
TN,03,"4,440","50,169.84",102,905,"3,384",0,8,11,71,4,"4,348",81,"2,190",0.6,2,"3,696",37,18,76,5,3,"4,356","4,292",20,128,1,"1,422","119,027.43","118,301.49",0.98,"121,190.25"
TN,04,"6,830","49,465.95",136,"1,518","5,040",0,13,37,279,2,"6,477",186,"3,201",0.6,1.8,"5,221",37,35,196,3,7,"6,624","6,405",53,372,1,"1,497","119,882.17","118,779.86",0.99,"121,247.07"
TN,05,"1,622","51,456.87",41,419,"1,120",0,3,4,35,2,"1,572",26,700,0.5,1.7,"1,254",37,7,33,18,9,"1,562","1,491",30,101,0,"1,435","131,021.51","129,594.43",0.98,"133,963.29"
TN,06,"8,028","49,868.14",165,"1,835","5,891",0,18,10,197,7,"7,765",158,"3,806",0.6,1.9,"6,164",37,48,480,21,10,"7,517","7,510",77,441,0,"1,494","123,282.74","122,322.46",0.99,"124,707.77"
TN,07,"4,112","46,993.10",124,989,"2,938",0,6,16,213,5,"3,875",45,"1,908",0.6,1.9,"3,273",37,39,109,6,6,"3,991","3,860",34,218,0,"1,483","103,638.62","103,031.89",0.97,"106,356.94"
TN,08,"6,033","47,937.87",143,"1,299","4,448",0,6,12,664,5,"5,356",89,"2,673",0.6,1.8,"4,801",37,28,159,3,25,"5,846","5,627",18,388,0,"1,597","107,874.55","106,747.28",0.98,"109,827.76"
TN,09,372,"48,135.87",12,96,227,0,0,1,140,0,231,6,136,0.5,1.5,294,40,3,38,0,0,334,317,0,55,0,"1,729","125,475.54","121,273.45",0.98,"127,276.01"
TX,01,"2,113","54,046.36",19,250,"1,834",0,21,9,181,6,"1,911",189,"1,095",1,2.6,"1,801",38,14,154,0,0,"1,959","2,067",24,22,0,"1,609","118,866.78","118,671.38",0.99,"119,711.82"
TX,02,28,"62,368.14",1,2,25,0,0,0,1,0,27,6,12,1.1,2.6,27,35,0,22,0,0,6,28,0,0,0,"1,679","148,988.54","148,988.54",1.00,"149,714.29"
TX,03,750,"64,976.16",9,84,657,0,7,19,95,1,635,128,389,1,2.6,681,39,2,617,0,0,133,737,5,8,0,"1,888","158,142.41","158,175.07",1.00,"157,387.83"
TX,04,"3,545","55,844.77",83,510,"2,922",0,24,25,260,10,"3,236",448,"1,822",1,2.5,"3,033",38,26,882,4,3,"2,656","3,321",146,78,2,"1,714","121,553.14","121,223.65",0.99,"122,296.58"
TX,05,"2,408","55,559.51",46,308,"2,021",0,19,18,274,7,"2,100",293,"1,163",1,2.5,"2,032",39,17,739,0,4,"1,665","2,289",37,82,0,"1,727","118,737.23","118,260.29",0.99,"119,455.27"
TX,06,"1,317","59,935.78",21,176,"1,094",0,9,13,218,2,"1,080",197,635,1,2.5,"1,104",39,6,450,1,0,866,"1,262",9,46,0,"1,783","137,742.64","136,729.74",1.00,"137,189.01"
TX,07,8,"47,663.00",0,6,2,0,0,0,3,0,5,0,6,1.8,3.4,7,41,0,6,0,0,2,8,0,0,0,"1,813","144,255.88","144,289.70",1.01,"142,875.00"
TX,08,"1,435","57,928.57",15,163,"1,231",0,9,10,85,5,"1,329",167,642,1,2.5,"1,244",38,7,911,3,0,521,"1,331",65,39,0,"1,700","138,279.92","137,039.51",0.99,"138,500.16"
TX,09,145,"56,404.30",0,23,122,0,0,1,114,0,30,17,34,0.9,2.1,138,40,0,131,0,0,14,138,7,0,1,"2,118","152,391.58","152,524.64",1.01,"151,195.66"
TX,10,"2,117","57,600.91",71,358,"1,632",0,25,50,311,3,"1,732",595,908,0.8,2.3,"1,864",40,14,"1,434",15,1,667,"2,008",41,68,3,"1,694","142,262.82","140,804.24",1.00,"141,994.00"
TX,11,"2,009","51,292.58",48,366,"1,580",0,11,9,58,2,"1,932",403,994,0.9,2.5,"1,687",38,12,242,1,1,"1,765","1,925",47,37,0,"1,556","104,232.60","104,010.47",0.99,"105,553.51"
TX,12,817,"58,038.31",19,135,657,0,9,6,41,1,762,89,393,0.9,2.5,697,39,5,290,0,0,527,797,7,13,0,"1,688","131,658.10","131,313.69",1.00,"131,364.12"
TX,13,"1,767","50,764.03",80,313,"1,363",0,5,9,17,1,"1,726",450,890,1,2.6,"1,492",37,7,20,2,0,"1,745","1,674",27,66,0,"1,550","95,200.74","94,862.98",0.99,"96,171.75"
TX,14,789,"62,018.45",13,103,640,0,3,8,147,3,626,143,334,0.9,2.3,711,38,2,372,0,0,417,712,30,47,0,"1,682","135,933.79","132,826.43",1.00,"135,835.44"
TX,15,585,"56,010.66",7,80,492,0,3,9,47,2,521,266,279,1.1,2.6,504,39,2,315,0,0,270,558,14,13,0,"1,804","141,233.39","140,595.33",1.00,"141,866.84"
TX,16,812,"49,931.41",15,103,692,0,0,2,7,0,800,745,401,1.3,2.8,767,38,1,22,0,1,789,691,116,5,1,"1,579","133,333.42","133,331.63",1.00,"133,982.88"
TX,17,"1,382","54,348.85",36,188,"1,140",0,5,12,124,4,"1,237",244,626,1,2.5,"1,188",39,6,298,20,1,"1,063","1,271",81,30,0,"1,629","121,566.92","121,265.70",0.99,"122,707.54"
TX,18,4,"75,312.00",0,0,3,0,0,0,0,0,4,1,1,0.8,2,3,31,0,3,0,0,1,3,0,1,0,"2,167","198,505.00","171,628.75",1.01,"196,500.00"
TX,19,"1,302","49,880.54",21,191,"1,083",0,3,2,19,2,"1,274",483,690,1.1,2.6,"1,116",37,8,9,0,1,"1,292","1,144",123,35,0,"1,619","93,964.01","93,692.64",0.98,"95,877.64"
TX,20,723,"60,014.59",5,60,657,0,3,10,43,3,665,399,291,1,2.5,640,36,2,665,0,1,57,717,5,1,1,"1,945","166,016.10","165,979.77",1.01,"165,307.18"
TX,21,"1,116","63,201.78",8,86,"1,014",0,7,17,33,5,"1,055",291,555,0.9,2.5,916,39,5,691,3,1,421,"1,095",10,11,1,"1,777","171,292.11","170,746.78",1.00,"171,628.08"
TX,22,662,"60,184.82",5,97,555,0,4,23,202,2,429,167,284,0.9,2.4,622,41,5,560,0,1,101,624,33,5,1,"1,861","154,323.05","153,709.52",1.01,"153,468.96"
TX,23,"2,789","52,138.52",62,441,"2,277",0,14,38,108,8,"2,617","2,010","1,279",1,2.6,"2,521",38,14,"1,510",0,1,"1,278","2,517",243,29,1,"1,647","136,918.77","136,859.95",1.00,"137,142.35"
TX,24,14,"58,366.29",1,1,12,0,0,0,2,0,12,2,7,1.1,2.6,13,39,0,8,0,0,6,13,0,1,0,"1,828","155,997.79","155,909.16",1.01,"154,464.29"
TX,25,"1,522","57,082.90",44,213,"1,223",0,11,17,43,1,"1,452",188,789,1,2.5,"1,245",39,4,319,10,1,"1,192","1,451",21,50,0,"1,612","127,129.35","126,188.68",0.99,"128,181.02"
TX,26,"2,367","61,843.73",43,245,"2,061",0,14,31,332,8,"1,993",323,"1,086",0.9,2.4,"2,031",39,12,"1,608",0,1,758,"2,320",26,21,0,"1,901","156,624.58","156,325.78",1.00,"155,997.63"
TX,27,899,"54,937.80",12,121,731,0,6,18,27,4,832,314,438,1,2.5,765,40,4,155,4,0,740,812,26,61,1,"1,487","114,813.20","112,419.90",0.99,"116,125.65"
TX,28,741,"54,586.41",12,102,627,0,3,5,78,1,656,423,329,1,2.4,670,38,4,325,0,1,415,715,21,5,0,"1,707","133,236.81","133,332.47",0.99,"134,498.41"
TX,29,4,"55,624.00",0,0,4,0,0,0,0,0,4,2,3,0.5,2,3,36,0,3,0,0,1,4,0,0,0,"1,672","165,636.50","165,636.50",1.01,"163,237.50"
TX,30,50,"55,823.15",3,4,41,0,0,2,28,0,20,8,20,1,2.2,44,39,0,18,0,0,32,45,1,4,0,"1,737","128,197.90","126,555.70",1.01,"127,352.08"
TX,31,"3,572","61,582.22",96,503,"2,892",0,36,65,284,14,"3,178",791,"1,721",0.9,2.4,"2,991",40,23,"2,300",1,2,"1,269","3,442",42,88,0,"1,745","150,964.18","149,651.26",1.00,"150,714.69"
TX,32,168,"59,078.17",3,24,141,0,0,3,32,3,131,19,82,0.9,2.6,137,41,0,85,0,0,83,159,9,0,0,"1,905","146,620.41","146,577.03",1.00,"146,569.70"
TX,33,1,"68,136.00",0,0,1,0,0,0,0,0,1,1,1,3,5,1,32,0,1,0,0,0,1,0,0,0,"1,805","175,025.00","175,025.00",0.99,"177,000.00"
TX,34,398,"47,939.62",5,70,303,0,3,16,4,0,362,275,185,1.2,2.6,349,40,1,16,0,0,382,346,22,30,0,"1,462","100,743.86","99,100.06",0.98,"102,874.14"
TX,35,"2,784","59,536.33",76,439,"2,222",0,21,42,178,9,"2,530","1,210","1,136",0.8,2.3,"2,445",39,13,"2,094",156,0,534,"2,687",43,54,1,"1,697","152,766.59","151,835.13",1.00,"152,045.24"
TX,36,"1,390","56,443.83",14,140,"1,219",0,12,8,74,0,"1,298",164,664,1,2.5,"1,231",37,11,402,0,1,987,"1,347",16,27,0,"1,628","118,362.05","117,652.65",1.00,"118,747.76"
UT,01,"3,574","56,646.68",69,918,"2,538",0,27,14,7,11,"3,518",215,"2,539",1.3,3,"2,531",35,12,370,31,0,"3,173","3,128",327,119,0,"1,351","167,115.18","165,935.58",0.95,"161,829.81"
UT,02,"4,288","54,817.53",148,"1,258","2,829",0,18,19,14,15,"4,228",223,"2,860",1.3,3,"3,191",37,28,430,47,4,"3,807","3,860",293,135,1,"1,388","155,701.04","154,860.97",0.94,"149,524.97"
UT,03,"1,635","59,317.31",38,412,"1,176",0,12,1,3,8,"1,613",83,"1,210",1.5,3.3,"1,253",36,4,168,25,1,"1,441","1,466",141,28,1,"1,392","179,058.23","178,568.12",0.96,"173,193.21"
UT,04,"2,900","62,373.47",35,683,"2,176",0,10,23,11,25,"2,841",132,"2,372",1.6,3.5,"2,098",35,7,"1,019",251,2,"1,628","2,355",531,14,1,"1,553","201,821.29","201,722.75",0.96,"193,264.83"
VA,01,"2,569","62,491.08",99,672,"1,755",0,10,14,321,4,"2,228",98,"1,008",0.7,2.1,"2,217",37,10,794,79,0,"1,696","2,161",321,87,1,"1,513","184,561.36","182,933.02",0.98,"188,480.65"
VA,02,181,"48,010.14",8,43,127,0,0,1,50,0,132,7,65,0.8,2.2,165,38,2,13,1,0,167,158,5,18,0,"1,491","131,543.41","130,031.62",0.96,"136,409.34"
VA,03,251,"59,817.22",10,59,181,0,0,0,62,2,187,2,79,0.6,2.1,212,37,0,18,0,0,233,250,0,1,0,"1,743","175,069.60","174,641.09",0.98,"179,449.88"
VA,04,"1,530","57,160.64",54,443,997,0,1,5,270,1,"1,258",27,576,0.7,2.1,"1,310",37,9,98,33,0,"1,399","1,425",51,54,2,"1,589","161,047.31","159,058.32",0.97,"165,402.16"
VA,05,"4,913","52,527.34",198,"1,289","3,367",0,10,24,607,5,"4,273",86,"2,026",0.7,2.2,"4,071",38,19,574,34,0,"4,305","4,409",312,192,3,"1,404","143,906.42","143,019.44",0.97,"147,129.02"
VA,06,"5,561","52,329.86",186,"1,428","3,888",0,9,22,255,10,"5,270",227,"2,259",0.7,2.2,"4,656",37,15,441,39,1,"5,080","4,937",404,220,1,"1,326","146,867.78","146,139.83",0.97,"149,858.29"
VA,07,"2,774","62,503.51",113,795,"1,785",0,14,14,281,8,"2,465",108,"1,161",0.7,2.1,"2,307",37,8,820,13,0,"1,941","2,414",208,152,1,"1,555","187,782.76","185,088.41",0.98,"192,021.35"
VA,08,3,"50,844.00",0,2,1,0,0,0,0,0,3,0,0,0,1.3,2,33,0,0,0,0,3,3,0,0,0,"1,451","158,843.33","158,843.33",0.98,"162,333.33"
VA,09,"5,397","47,089.97",279,"1,627","3,434",0,6,9,232,6,"5,155",50,"2,447",0.6,2,"4,480",38,52,124,11,1,"5,261","4,993",165,239,9,"1,347","110,874.61","110,379.31",0.97,"113,467.52"
VA,10,"1,404","63,032.60",37,304,"1,044",0,3,35,88,12,"1,277",97,500,0.7,2.1,"1,196",37,4,516,195,1,692,863,509,32,0,"1,493","202,965.21","201,494.22",0.98,"205,922.88"
VA,11,3,"87,696.00",0,0,3,0,0,0,1,0,2,0,0,0.3,1,2,42,0,1,1,0,1,1,2,0,0,"2,107","324,485.67","324,485.67",1.00,"325,433.33"
VI,01,4,"61,644.00",0,0,4,0,0,0,4,0,0,0,2,1.3,2.5,4,54,0,1,0,0,3,3,1,0,0,"1,327","136,114.50","136,114.50",0.95,"143,750.00"
VI,02,1,,0,0,0,,0,0,1,0,0,0,1,0,0,0,,0,0,0,0,1,0,0,1,0,,,"92,500.00",,
VI,98,34,"59,317.56",0,0,32,0,0,0,30,0,3,6,12,0.9,2.1,31,41,0,3,1,0,30,16,4,14,0,"1,253","139,506.69","135,772.47",0.90,"152,467.66"
VI,,157,"41,473.79",0,0,105,0,0,4,142,0,9,7,53,0.4,0.7,101,52,0,36,1,0,120,41,7,109,0,"1,136","97,991.30","89,557.43",0.75,"142,485.71"
VT,00,"3,619","59,745.58",43,343,"3,156",0,16,10,15,2,"3,583",39,"1,488",0.5,1.7,"3,129",36,20,64,251,0,"3,304","3,182",287,150,2,"1,330","157,972.42","156,070.41",0.98,"160,220.91"
WA,01,"2,698","67,075.70",42,238,"2,361",0,18,33,19,16,"2,623",160,"1,418",0.9,2.5,"2,261",38,8,568,147,0,"1,983","2,519",98,81,0,"1,471","219,389.73","217,628.03",0.99,"219,237.09"
WA,02,"1,954","64,320.89",42,204,"1,684",0,13,34,24,19,"1,876",106,877,0.8,2.4,"1,654",39,10,582,271,2,"1,099","1,755",157,42,1,"1,421","203,697.30","202,759.88",0.99,"203,835.49"
WA,03,"2,735","60,087.63",44,334,"2,315",0,32,16,10,13,"2,677",101,"1,462",1,2.7,"2,288",38,29,356,3,0,"2,376","2,643",39,53,3,"1,585","184,256.46","183,075.72",0.99,"185,744.27"
WA,04,"3,198","54,931.26",77,498,"2,603",0,32,20,26,7,"3,118","1,069","1,563",1.1,2.8,"2,782",37,10,215,2,1,"2,980","3,110",26,62,0,"1,484","154,217.25","153,827.64",1.00,"153,633.85"
WA,05,"1,042","54,124.41",39,170,822,0,7,12,7,4,"1,020",42,563,1.2,2.8,840,39,8,88,15,0,939,985,20,37,0,"1,338","156,043.13","155,243.44",0.99,"156,205.31"
WA,06,"3,039","59,012.62",55,360,"2,608",0,34,57,31,50,"2,901",99,"1,297",0.8,2.3,"2,597",38,22,720,43,0,"2,276","2,917",90,32,4,"1,421","184,502.01","184,055.50",0.99,"186,190.57"
WA,07,9,"59,597.33",0,2,7,0,0,0,0,0,9,2,6,1.3,3,5,49,0,2,0,0,7,9,0,0,0,"1,322","199,768.89","199,768.89",0.98,"203,852.22"
WA,08,"2,557","65,262.55",35,237,"2,276",0,27,33,40,29,"2,442",154,"1,170",1,2.6,"2,221",37,9,930,62,0,"1,565","2,459",76,22,0,"1,612","211,919.11","211,794.65",1.00,"211,430.70"
WA,09,6,"74,856.00",0,1,4,0,0,0,0,0,6,1,4,0.8,2.7,4,44,0,2,0,0,4,5,0,1,0,"1,875","278,474.20","263,444.45",1.00,"276,438.80"
WA,10,"1,386","60,703.88",23,180,"1,167",0,17,20,38,25,"1,300",71,612,0.9,2.4,"1,188",39,13,506,33,0,847,"1,332",24,30,2,"1,582","185,911.51","185,031.63",0.99,"186,838.79"
WI,00,1,"30,161.00",1,0,0,0,0,0,0,0,1,0,0,0,2,0,26,0,0,0,0,1,1,0,0,0,0,"80,920.00","80,920.00",0.00,0.00
WI,01,"1,576","59,591.53",31,253,"1,264",0,5,5,6,2,"1,559",73,675,0.7,2.2,"1,256",37,5,39,40,0,"1,497","1,444",73,59,0,"1,348","145,702.16","144,623.53",0.97,"145,268.19"
WI,02,"2,967","58,961.22",91,534,"2,299",0,12,18,20,2,"2,922",59,"1,241",0.6,2.1,"2,295",37,12,8,110,1,"2,848","2,624",159,184,0,"1,348","138,916.66","138,183.84",0.97,"139,201.89"
WI,03,"3,392","51,670.56",123,780,"2,439",0,8,18,10,4,"3,355",31,"1,369",0.7,2.2,"2,588",37,22,13,14,0,"3,365","3,107",62,223,0,"1,353","111,308.24","110,601.61",0.97,"112,242.90"
WI,05,"1,678","58,847.97",28,266,"1,362",0,4,8,11,2,"1,657",46,702,0.7,2.1,"1,242",37,5,22,79,0,"1,577","1,474",147,57,0,"1,402","145,777.20","144,942.22",0.96,"146,098.64"
WI,06,"2,841","53,420.95",88,599,"2,112",0,1,7,9,2,"2,823",65,"1,038",0.6,2,"2,226",37,14,6,46,2,"2,787","2,590",123,128,0,"1,390","115,510.98","114,948.71",0.96,"116,747.32"
WI,07,"6,236","51,235.34",376,"1,458","4,271",0,31,22,7,12,"6,177",65,"2,233",0.7,2.2,"4,742",37,32,88,53,1,"6,094","5,711",204,321,1,"1,306","112,843.45","111,649.32",0.97,"113,104.18"
WI,08,"2,553","50,744.01",137,544,"1,853",0,26,8,2,4,"2,518",33,829,0.7,2.1,"2,017",35,14,2,9,0,"2,542","2,450",28,75,1,"1,405","105,915.65","105,646.34",0.96,"106,480.10"
WP,01,733,"56,584.65",35,149,493,0,26,188,7,465,46,9,490,0.8,1.9,639,41,0,36,76,0,621,340,77,316,0,"1,186","145,942.88","145,517.82",0.96,"152,463.67"
WP,98,44,"64,541.39",0,4,40,0,0,14,0,29,1,1,29,1.7,3.2,28,37,0,2,8,0,34,36,8,0,0,"1,246","178,576.82","178,576.82",0.95,"182,234.09"
WP,,49,"59,258.13",8,9,32,0,0,26,0,18,5,0,28,1.6,3.3,47,48,0,32,12,0,5,36,11,2,0,"1,291","165,370.41","165,370.41",0.98,"170,241.51"
WV,01,"2,771","49,668.15",83,473,"2,175",0,5,6,18,3,"2,737",29,"1,137",0.6,2.1,"2,352",36,11,229,3,0,"2,539","2,423",145,203,0,"1,358","105,763.11","104,947.90",0.97,"107,804.96"
WV,02,"7,259","55,526.84",243,"1,483","5,458",0,16,51,326,13,"6,860",171,"2,802",0.6,2.1,"6,018",37,36,"2,647",5,2,"4,605","5,726","1,122",411,0,"1,524","140,783.08","140,003.24",0.98,"143,616.72"
WV,03,"2,298","47,553.46",42,344,"1,892",0,1,5,42,4,"2,249",15,"1,085",0.7,2.1,"1,943",37,24,33,3,0,"2,262","2,144",21,133,0,"1,418","98,276.31","97,791.53",0.98,"101,012.13"
WV,06,1,"47,592.00",0,0,1,0,0,0,0,0,1,0,0,0,1,1,32,0,0,0,0,1,1,0,0,0,"1,008","133,265.00","133,265.00",0.99,"135,000.00"
WV,15,1,"53,250.00",0,0,1,0,0,0,0,0,1,0,1,2,4,0,,0,0,0,0,1,1,0,0,0,"1,279","136,500.00","136,500.00",1.00,"136,500.00"
WY,00,"7,734","62,336.98",312,"2,032","5,300",0,40,26,22,10,"7,632",330,"3,528",1,2.4,"6,039",36,19,240,20,6,"7,468","6,889",640,205,11,"1,307","176,987.60","175,693.22",0.99,"176,880.19"
